employee_id,name,address,city,postal_code,latitude,longitude,snapped_latitude,snapped_longitude,optimal_employee_station,optimal_employee_station_id,optimal_employee_station_rank,optimal_office_station,optimal_office_station_id,optimal_office_station_rank,walk_home_to_station_min,transit_time_min,walk_station_to_office_min,total_commute_min,otp_route_found,car_distance_m,car_driving_time_min,car_parking_time_min,car_total_time_min,commute_time_bucket,transport_attractiveness,monthly_driving_cost,financial_attractiveness_Company Pays Full,financial_attractiveness_50% Subsidy,financial_attractiveness_Employee Pays Full,adoption_score_Company Pays Full,adoption_score_50% Subsidy,adoption_score_Employee Pays Full,employee_station,employee_station_id,employee_station_rank,office_station,office_station_id,office_station_rank,transit_time_morning_min,walk_office_to_station_min,transit_time_evening_min,walk_station_to_home_min,morning_journey_min,evening_journey_min
EMP001,Klemens Löchel,"Andrei-Weihmann-Ring 9321, 22041 Hamburg",Hamburg,22041,53.576158,10.007046,53.575573,10.006979,Zimmerstraße,335695109.0,3.0,"Harksheide, Libellengrund",12461266487.0,1.0,8.108333333333333,32.0,3.7066666666666666,84.63,True,14719.4,31.45,8,39.45,60-90 min,60.0,138.3164,5,5,4,38.0,38.0,37.6,Zimmerstraße,335695109.0,3.0,"Harksheide, Libellengrund",12461266487.0,1.0,32.0,3.7066666666666666,29.0,8.108333333333333,43.815,40.815
EMP002,Orhan Seip MBA.,"Ansgar-Davids-Platz 9890, 22855 Norderstedt",Norderstedt,22855,53.712313,9.995697,53.712428,9.99571,,,,,,,,,,,False,4914.3,10.296666666666663,8,18.296666666666663,No route,,79.4858,4,3,3,,,,,,,,,,,,,,,
EMP003,Ing. Erika Förster,"Tom-Schacht-Ring 2, 22844 Norderstedt",Norderstedt,22844,53.712313,9.995697,53.712428,9.99571,,,,,,,,,,,False,4914.3,10.296666666666663,8,18.296666666666663,No route,,79.4858,4,3,3,,,,,,,,,,,,,,,
EMP004,Hans Jürgen Kaul,"Vanessa-Wiek-Ring 71, 21614 Buxtehude",Buxtehude,21614,53.490193,9.761105,53.490427,9.761102,"Rübke, Kurzer Weg",2886314002.0,1.0,"Harksheide, Libellengrund",12461266487.0,1.0,0.0916666666666666,73.5,3.7066666666666666,148.29666666666668,True,40302.7,61.83166666666667,8,69.83166666666668,120+ min,70.0,291.8162,5,5,5,44.0,44.0,44.0,"Rübke, Kurzer Weg",2886314002.0,1.0,"Harksheide, Libellengrund",12461266487.0,1.0,73.5,3.7066666666666666,67.2,0.0916666666666666,77.29833333333333,70.99833333333333
EMP005,Sandra Schottin,"Beyerweg 78-21, 22089 Hamburg",Hamburg,22089,53.576158,10.007046,53.575573,10.006979,Zimmerstraße,335695109.0,3.0,"Harksheide, Libellengrund",12461266487.0,1.0,8.108333333333333,32.0,3.7066666666666666,84.63,True,14719.4,31.45,8,39.45,60-90 min,60.0,138.3164,5,5,4,38.0,38.0,37.6,Zimmerstraße,335695109.0,3.0,"Harksheide, Libellengrund",12461266487.0,1.0,32.0,3.7066666666666666,29.0,8.108333333333333,43.815,40.815
EMP006,Annelore Heintze,"Rustplatz 40, 22453 Hamburg",Hamburg,22453,53.456179,9.972123,53.456179,9.972123,Eißendorfer Straße (TU Hamburg),5686864205.0,5.0,"Harksheide, Libellengrund",12461266487.0,1.0,6.53,49.7,3.7066666666666666,116.67333333333332,True,38668.1,49.82333333333334,8,57.82333333333334,90-120 min,60.0,282.00859999999994,5,5,5,38.0,38.0,38.0,Eißendorfer Straße (TU Hamburg),5686864205.0,5.0,"Harksheide, Libellengrund",12461266487.0,1.0,49.7,3.7066666666666666,46.5,6.53,59.93666666666667,56.736666666666665
EMP007,Mechtild Stoll,"Raimund-Holsten-Straße 62/45, 20095 Hamburg",Hamburg,20095,53.491473,10.207817,53.49146,10.207646,Alte Holstenstraße,339596193.0,1.0,"Harksheide, Libellengrund",12461266487.0,1.0,1.1133333333333333,45.7,3.7066666666666666,99.84,True,36399.9,60.098333333333336,8,68.09833333333333,90-120 min,100.0,268.3994,5,5,5,62.0,62.0,62.0,Alte Holstenstraße,339596193.0,1.0,"Harksheide, Libellengrund",12461266487.0,1.0,45.7,3.7066666666666666,44.5,1.1133333333333333,50.52,49.31999999999999
EMP008,Univ.Prof. Gotthilf Wilmsen B.Sc.,"Eileen-Schuster-Platz 5276, 21079 Harburg",Harburg,21079,53.452194,9.897592,53.452166,9.898249,"Ehestorf, Hohlredder",478118123.0,3.0,"Harksheide, Libellengrund",12461266487.0,1.0,6.72,56.9,6.403333333333333,149.94666666666666,True,38831.6,51.986666666666665,8,59.986666666666665,120+ min,40.0,282.9896,5,5,5,26.0,26.0,26.0,"Ehestorf, Hohlredder",478118123.0,3.0,"Harksheide, Heidehofweg (West)",12461266488.0,5.0,57.9,6.403333333333333,65.8,6.72,71.02333333333334,78.92333333333333
EMP009,Urs Rosenow B.Eng.,"Marie-Beckmann-Ring 5-2, 21682 Buxtehude",Buxtehude,21682,53.490193,9.761105,53.490427,9.761102,"Rübke, Kurzer Weg",2886314002.0,1.0,"Harksheide, Libellengrund",12461266487.0,1.0,0.0916666666666666,73.5,3.7066666666666666,148.29666666666668,True,40302.7,61.83166666666667,8,69.83166666666668,120+ min,70.0,291.8162,5,5,5,44.0,44.0,44.0,"Rübke, Kurzer Weg",2886314002.0,1.0,"Harksheide, Libellengrund",12461266487.0,1.0,73.5,3.7066666666666666,67.2,0.0916666666666666,77.29833333333333,70.99833333333333
EMP010,Nathalie Sauer,"Gerdi-Ortmann-Straße 32-44, 22880 Wedel",Wedel,22880,53.576357,9.713091,53.576421,9.713089,"Wedel, Müllerkamp",68665485.0,4.0,"Harksheide, Libellengrund",12461266487.0,1.0,4.569999999999999,72.0,3.7066666666666666,160.5533333333333,True,31773.1,44.836666666666666,8,52.836666666666666,120+ min,30.0,240.6386,5,5,5,20.0,20.0,20.0,"Wedel, Müllerkamp",68665485.0,4.0,"Harksheide, Libellengrund",12461266487.0,1.0,72.0,3.7066666666666666,72.0,4.569999999999999,80.27666666666666,80.27666666666666
EMP011,Piotr Biggen,"Säuberlichstraße 93/82, 22626 Ahrensburg",Ahrensburg,22626,53.552934,9.849891,53.552898,9.849976,Nienstedtener Marktplatz,335139767.0,1.0,"Harksheide, Libellengrund",12461266487.0,1.0,4.92,49.0,3.7066666666666666,115.25333333333332,True,22958.2,39.18833333333334,8,47.18833333333334,90-120 min,50.0,187.7492,5,5,5,32.0,32.0,32.0,Nienstedtener Marktplatz,335139767.0,1.0,"Harksheide, Libellengrund",12461266487.0,1.0,49.0,3.7066666666666666,49.0,4.92,57.626666666666665,57.626666666666665
EMP012,Lilli Mosemann-Rädel,"Gerhardt-Schottin-Platz 2-7, 20355 Hamburg",Hamburg,20355,53.576158,10.007046,53.575573,10.006979,Zimmerstraße,335695109.0,3.0,"Harksheide, Libellengrund",12461266487.0,1.0,8.108333333333333,32.0,3.7066666666666666,84.63,True,14719.4,31.45,8,39.45,60-90 min,60.0,138.3164,5,5,4,38.0,38.0,37.6,Zimmerstraße,335695109.0,3.0,"Harksheide, Libellengrund",12461266487.0,1.0,32.0,3.7066666666666666,29.0,8.108333333333333,43.815,40.815
EMP013,Paola Segebahn,"Röhrdanzallee 1, 22880 Wedel",Wedel,22880,53.51464,9.989696,53.514711,9.989895,Vogelhüttendeich,410242670.0,5.0,"Harksheide, Libellengrund",12461266487.0,1.0,3.385,44.7,3.7066666666666666,101.88333333333333,True,31645.4,48.580000000000005,8,56.580000000000005,90-120 min,90.0,239.8724,5,5,5,56.0,56.0,56.0,Vogelhüttendeich,410242670.0,5.0,"Harksheide, Libellengrund",12461266487.0,1.0,44.7,3.7066666666666666,43.0,3.385,51.791666666666664,50.09166666666666
EMP014,Winfried Ullmann,"Dowergring 3-8, 20095 Hamburg",Hamburg,20095,53.576158,10.007046,53.575573,10.006979,Zimmerstraße,335695109.0,3.0,"Harksheide, Libellengrund",12461266487.0,1.0,8.108333333333333,32.0,3.7066666666666666,84.63,True,14719.4,31.45,8,39.45,60-90 min,60.0,138.3164,5,5,4,38.0,38.0,37.6,Zimmerstraße,335695109.0,3.0,"Harksheide, Libellengrund",12461266487.0,1.0,32.0,3.7066666666666666,29.0,8.108333333333333,43.815,40.815
EMP015,Cornelius Köster B.A.,"Ottoallee 581, 21682 Buxtehude",Buxtehude,21682,53.620093,10.033335,53.620019,10.033388,U S Ohlsdorf (Fuhlsbüttler Straße),354479872.0,1.0,"Harksheide, Libellengrund",12461266487.0,1.0,0.8766666666666667,14.0,3.7066666666666666,34.166666666666664,True,8747.8,19.94,8,27.94,0-60 min,100.0,102.48679999999999,5,4,3,62.0,61.6,61.2,U S Ohlsdorf (Fuhlsbüttler Straße),354479872.0,1.0,"Harksheide, Libellengrund",12461266487.0,1.0,14.0,3.7066666666666666,11.0,0.8766666666666667,18.583333333333332,15.583333333333334
EMP016,Susann Jäntsch,"Dorina-Junitz-Straße 1, 22457 Hamburg",Hamburg,22457,53.576158,10.007046,53.575573,10.006979,Zimmerstraße,335695109.0,3.0,"Harksheide, Libellengrund",12461266487.0,1.0,8.108333333333333,32.0,3.7066666666666666,84.63,True,14719.4,31.45,8,39.45,60-90 min,60.0,138.3164,5,5,4,38.0,38.0,37.6,Zimmerstraße,335695109.0,3.0,"Harksheide, Libellengrund",12461266487.0,1.0,32.0,3.7066666666666666,29.0,8.108333333333333,43.815,40.815
EMP017,Raimund Reichmann,"Bogdan-Hendriks-Weg 81, 20251 Hamburg",Hamburg,20251,53.576158,10.007046,53.575573,10.006979,Zimmerstraße,335695109.0,3.0,"Harksheide, Libellengrund",12461266487.0,1.0,8.108333333333333,32.0,3.7066666666666666,84.63,True,14719.4,31.45,8,39.45,60-90 min,60.0,138.3164,5,5,4,38.0,38.0,37.6,Zimmerstraße,335695109.0,3.0,"Harksheide, Libellengrund",12461266487.0,1.0,32.0,3.7066666666666666,29.0,8.108333333333333,43.815,40.815
EMP018,Vito Reuter B.A.,"Fernando-Sorgatz-Straße 748, 22880 Wedel",Wedel,22880,53.576357,9.713091,53.576421,9.713089,"Wedel, Müllerkamp",68665485.0,4.0,"Harksheide, Libellengrund",12461266487.0,1.0,4.569999999999999,72.0,3.7066666666666666,160.5533333333333,True,31773.1,44.836666666666666,8,52.836666666666666,120+ min,30.0,240.6386,5,5,5,20.0,20.0,20.0,"Wedel, Müllerkamp",68665485.0,4.0,"Harksheide, Libellengrund",12461266487.0,1.0,72.0,3.7066666666666666,72.0,4.569999999999999,80.27666666666666,80.27666666666666
EMP019,Dr. Anton Kambs B.Sc.,"Kuhlweg 87/28, 21614 Buxtehude",Buxtehude,21614,53.55512,9.929705,53.555345,9.929873,Hohenesch,5496304542.0,2.0,"Harksheide, Libellengrund",12461266487.0,1.0,3.4099999999999997,32.8,3.7066666666666666,85.83333333333331,True,18783.5,32.538333333333334,8,40.538333333333334,60-90 min,70.0,162.701,5,5,4,44.0,44.0,43.6,Fabrik,3590363652.0,3.0,"Harksheide, Libellengrund",12461266487.0,1.0,32.8,3.7066666666666666,38.8,3.4099999999999997,39.91666666666666,45.91666666666666
EMP020,Torsten Beckmann,"Dajana-Hartmann-Gasse 40, 21073 Harburg",Harburg,21073,53.452194,9.897592,53.452166,9.898249,"Ehestorf, Hohlredder",478118123.0,3.0,"Harksheide, Libellengrund",12461266487.0,1.0,6.72,56.9,6.403333333333333,149.94666666666666,True,38831.6,51.986666666666665,8,59.986666666666665,120+ min,40.0,282.9896,5,5,5,26.0,26.0,26.0,"Ehestorf, Hohlredder",478118123.0,3.0,"Harksheide, Heidehofweg (West)",12461266488.0,5.0,57.9,6.403333333333333,65.8,6.72,71.02333333333334,78.92333333333333
EMP021,Otfried Rudolph-Rust,"Boucseinstr. 9473, 22626 Ahrensburg",Ahrensburg,22626,53.673068,10.235456,53.672891,10.235353,,,,,,,,,,,False,20627.8,35.32666666666667,8,43.32666666666667,No route,,173.7668,5,5,5,,,,,,,,,,,,,,,
EMP022,Ing. Hildegart Langern,"Henkallee 26-23, 22627 Ahrensburg",Ahrensburg,22627,53.673068,10.235456,53.672891,10.235353,,,,,,,,,,,False,20627.8,35.32666666666667,8,43.32666666666667,No route,,173.7668,5,5,5,,,,,,,,,,,,,,,
EMP023,Ria Dörr,"Vollbrechtgasse 70, 22880 Wedel",Wedel,22880,53.544142,9.976497,53.54422,9.976563,Rambachstraße,9460477322.0,1.0,"Harksheide, Libellengrund",12461266487.0,1.0,0.9316666666666666,32.0,3.7066666666666666,73.27666666666666,True,18870.2,41.59,8,49.59,60-90 min,100.0,163.2212,5,5,5,62.0,62.0,62.0,Rambachstraße,9460477322.0,1.0,"Harksheide, Libellengrund",12461266487.0,1.0,32.0,3.7066666666666666,32.0,0.9316666666666666,36.63833333333333,36.63833333333333
EMP024,Elfie Bruder MBA.,"Hans-Joachim-Grein Groth-Weg 32-56, 22627 Ahrensburg",Ahrensburg,22627,53.366065,10.220389,53.366065,10.22039,Riepenburg,332611805.0,5.0,"Harksheide, Libellengrund",12461266487.0,1.0,105.795,72.6,3.7066666666666666,356.7033333333333,True,58437.8,61.11333333333334,8,69.11333333333334,120+ min,0.0,400.6268,5,5,5,2.0,2.0,2.0,Riepenburg,332611805.0,5.0,"Harksheide, Libellengrund",12461266487.0,1.0,72.6,3.7066666666666666,65.1,105.795,182.10166666666663,174.60166666666666
EMP025,Dr. Hansjürgen Neureuther MBA.,"Bernard-Siering-Weg 1, 21079 Harburg",Harburg,21079,53.452194,9.897592,53.452166,9.898249,"Ehestorf, Hohlredder",478118123.0,3.0,"Harksheide, Libellengrund",12461266487.0,1.0,6.72,56.9,6.403333333333333,149.94666666666666,True,38831.6,51.986666666666665,8,59.986666666666665,120+ min,40.0,282.9896,5,5,5,26.0,26.0,26.0,"Ehestorf, Hohlredder",478118123.0,3.0,"Harksheide, Heidehofweg (West)",12461266488.0,5.0,57.9,6.403333333333333,65.8,6.72,71.02333333333334,78.92333333333333
EMP026,Ursula Ziegert,"Nina-Kühnert-Gasse 760, 22854 Norderstedt",Norderstedt,22854,53.712313,9.995697,53.712428,9.99571,,,,,,,,,,,False,4914.3,10.296666666666663,8,18.296666666666663,No route,,79.4858,4,3,3,,,,,,,,,,,,,,,
EMP027,Klaus Wähner,"Hörlestraße 52-43, 22880 Wedel",Wedel,22880,53.576357,9.713091,53.576421,9.713089,"Wedel, Müllerkamp",68665485.0,4.0,"Harksheide, Libellengrund",12461266487.0,1.0,4.569999999999999,72.0,3.7066666666666666,160.5533333333333,True,31773.1,44.836666666666666,8,52.836666666666666,120+ min,30.0,240.6386,5,5,5,20.0,20.0,20.0,"Wedel, Müllerkamp",68665485.0,4.0,"Harksheide, Libellengrund",12461266487.0,1.0,72.0,3.7066666666666666,72.0,4.569999999999999,80.27666666666666,80.27666666666666
EMP028,Prof. Trudi Radisch B.A.,"Karen-Johann-Gasse 9, 21107 Harburg",Harburg,21107,53.452194,9.897592,53.452166,9.898249,"Ehestorf, Hohlredder",478118123.0,3.0,"Harksheide, Libellengrund",12461266487.0,1.0,6.72,56.9,6.403333333333333,149.94666666666666,True,38831.6,51.986666666666665,8,59.986666666666665,120+ min,40.0,282.9896,5,5,5,26.0,26.0,26.0,"Ehestorf, Hohlredder",478118123.0,3.0,"Harksheide, Heidehofweg (West)",12461266488.0,5.0,57.9,6.403333333333333,65.8,6.72,71.02333333333334,78.92333333333333
EMP029,Dipl.-Ing. Bruno Roskoth B.A.,"Victoria-Pechel-Gasse 219, 22626 Ahrensburg",Ahrensburg,22626,53.673068,10.235456,53.672891,10.235353,,,,,,,,,,,False,20627.8,35.32666666666667,8,43.32666666666667,No route,,173.7668,5,5,5,,,,,,,,,,,,,,,
EMP030,Heidelinde Eigenwillig,"Elly-Butte-Straße 64/43, 21614 Buxtehude",Buxtehude,21614,53.490193,9.761105,53.490427,9.761102,"Rübke, Kurzer Weg",2886314002.0,1.0,"Harksheide, Libellengrund",12461266487.0,1.0,0.0916666666666666,73.5,3.7066666666666666,148.29666666666668,True,40302.7,61.83166666666667,8,69.83166666666668,120+ min,70.0,291.8162,5,5,5,44.0,44.0,44.0,"Rübke, Kurzer Weg",2886314002.0,1.0,"Harksheide, Libellengrund",12461266487.0,1.0,73.5,3.7066666666666666,67.2,0.0916666666666666,77.29833333333333,70.99833333333333
EMP031,Arndt Renner,"Mielcarekring 80, 21614 Buxtehude",Buxtehude,21614,53.488671,9.664988,53.488641,9.665123,,,,,,,,,,,False,50451.6,70.48833333333333,8,78.48833333333333,No route,,352.70959999999997,5,5,5,,,,,,,,,,,,,,,
EMP032,Dipl.-Ing. Serge Ring,"Amalie-Hettner-Platz 61/53, 22846 Norderstedt",Norderstedt,22846,53.712313,9.995697,53.712428,9.99571,,,,,,,,,,,False,4914.3,10.296666666666663,8,18.296666666666663,No route,,79.4858,4,3,3,,,,,,,,,,,,,,,
EMP033,Valentina Spieß,"Schmidtkeallee 8, 22856 Norderstedt",Norderstedt,22856,53.466807,9.984808,53.466792,9.984903,Kanalplatz,515627074.0,1.0,"Harksheide, Libellengrund",12461266487.0,1.0,0.7183333333333334,52.7,3.7066666666666666,108.05,True,33677.3,48.01166666666666,8,56.01166666666666,90-120 min,90.0,252.0638,5,5,5,56.0,56.0,56.0,Kanalplatz,515627074.0,1.0,"Harksheide, Libellengrund",12461266487.0,1.0,52.7,3.7066666666666666,46.5,0.7183333333333334,57.125,50.925
EMP034,Franz-Peter Holzapfel-Schleich,"Tatjana-Eimer-Ring 91, 22880 Wedel",Wedel,22880,53.576357,9.713091,53.576421,9.713089,"Wedel, Müllerkamp",68665485.0,4.0,"Harksheide, Libellengrund",12461266487.0,1.0,4.569999999999999,72.0,3.7066666666666666,160.5533333333333,True,31773.1,44.836666666666666,8,52.836666666666666,120+ min,30.0,240.6386,5,5,5,20.0,20.0,20.0,"Wedel, Müllerkamp",68665485.0,4.0,"Harksheide, Libellengrund",12461266487.0,1.0,72.0,3.7066666666666666,72.0,4.569999999999999,80.27666666666666,80.27666666666666
EMP035,Thekla Birnbaum,"Iris-Karz-Platz 9/8, 22629 Ahrensburg",Ahrensburg,22629,53.673068,10.235456,53.672891,10.235353,,,,,,,,,,,False,20627.8,35.32666666666667,8,43.32666666666667,No route,,173.7668,5,5,5,,,,,,,,,,,,,,,
EMP036,Patricia Ehlert,"Evelyn-Löchel-Ring 0, 21077 Harburg",Harburg,21077,53.452194,9.897592,53.452166,9.898249,"Ehestorf, Hohlredder",478118123.0,3.0,"Harksheide, Libellengrund",12461266487.0,1.0,6.72,56.9,6.403333333333333,149.94666666666666,True,38831.6,51.986666666666665,8,59.986666666666665,120+ min,40.0,282.9896,5,5,5,26.0,26.0,26.0,"Ehestorf, Hohlredder",478118123.0,3.0,"Harksheide, Heidehofweg (West)",12461266488.0,5.0,57.9,6.403333333333333,65.8,6.72,71.02333333333334,78.92333333333333
EMP037,Arnfried Stumpf,"Fritschweg 98-16, 22880 Wedel",Wedel,22880,53.576357,9.713091,53.576421,9.713089,"Wedel, Müllerkamp",68665485.0,4.0,"Harksheide, Libellengrund",12461266487.0,1.0,4.569999999999999,72.0,3.7066666666666666,160.5533333333333,True,31773.1,44.836666666666666,8,52.836666666666666,120+ min,30.0,240.6386,5,5,5,20.0,20.0,20.0,"Wedel, Müllerkamp",68665485.0,4.0,"Harksheide, Libellengrund",12461266487.0,1.0,72.0,3.7066666666666666,72.0,4.569999999999999,80.27666666666666,80.27666666666666
EMP038,Gretel Benthin,"Belinda-Beier-Ring 162, 21682 Buxtehude",Buxtehude,21682,53.490193,9.761105,53.490427,9.761102,"Rübke, Kurzer Weg",2886314002.0,1.0,"Harksheide, Libellengrund",12461266487.0,1.0,0.0916666666666666,73.5,3.7066666666666666,148.29666666666668,True,40302.7,61.83166666666667,8,69.83166666666668,120+ min,70.0,291.8162,5,5,5,44.0,44.0,44.0,"Rübke, Kurzer Weg",2886314002.0,1.0,"Harksheide, Libellengrund",12461266487.0,1.0,73.5,3.7066666666666666,67.2,0.0916666666666666,77.29833333333333,70.99833333333333
EMP039,Vincenzo Hellwig-Fröhlich,"Häringweg 7158, 22880 Wedel",Wedel,22880,53.576357,9.713091,53.576421,9.713089,"Wedel, Müllerkamp",68665485.0,4.0,"Harksheide, Libellengrund",12461266487.0,1.0,4.569999999999999,72.0,3.7066666666666666,160.5533333333333,True,31773.1,44.836666666666666,8,52.836666666666666,120+ min,30.0,240.6386,5,5,5,20.0,20.0,20.0,"Wedel, Müllerkamp",68665485.0,4.0,"Harksheide, Libellengrund",12461266487.0,1.0,72.0,3.7066666666666666,72.0,4.569999999999999,80.27666666666666,80.27666666666666
EMP040,Catharina Zirme,"Ramona-Lehmann-Gasse 456, 21614 Buxtehude",Buxtehude,21614,53.490193,9.761105,53.490427,9.761102,"Rübke, Kurzer Weg",2886314002.0,1.0,"Harksheide, Libellengrund",12461266487.0,1.0,0.0916666666666666,73.5,3.7066666666666666,148.29666666666668,True,40302.7,61.83166666666667,8,69.83166666666668,120+ min,70.0,291.8162,5,5,5,44.0,44.0,44.0,"Rübke, Kurzer Weg",2886314002.0,1.0,"Harksheide, Libellengrund",12461266487.0,1.0,73.5,3.7066666666666666,67.2,0.0916666666666666,77.29833333333333,70.99833333333333
EMP041,Dr. Aleksander Sorgatz B.A.,"Ralph-Bender-Straße 5375, 22880 Wedel",Wedel,22880,53.576357,9.713091,53.576421,9.713089,"Wedel, Müllerkamp",68665485.0,4.0,"Harksheide, Libellengrund",12461266487.0,1.0,4.569999999999999,72.0,3.7066666666666666,160.5533333333333,True,31773.1,44.836666666666666,8,52.836666666666666,120+ min,30.0,240.6386,5,5,5,20.0,20.0,20.0,"Wedel, Müllerkamp",68665485.0,4.0,"Harksheide, Libellengrund",12461266487.0,1.0,72.0,3.7066666666666666,72.0,4.569999999999999,80.27666666666666,80.27666666666666
EMP042,Mariola Reising-Kabus,"Jüttnerring 64, 22880 Wedel",Wedel,22880,53.576357,9.713091,53.576421,9.713089,"Wedel, Müllerkamp",68665485.0,4.0,"Harksheide, Libellengrund",12461266487.0,1.0,4.569999999999999,72.0,3.7066666666666666,160.5533333333333,True,31773.1,44.836666666666666,8,52.836666666666666,120+ min,30.0,240.6386,5,5,5,20.0,20.0,20.0,"Wedel, Müllerkamp",68665485.0,4.0,"Harksheide, Libellengrund",12461266487.0,1.0,72.0,3.7066666666666666,72.0,4.569999999999999,80.27666666666666,80.27666666666666
EMP043,Ing. Monika Zimmer,"Erhard-Heß-Platz 1/2, 22855 Norderstedt",Norderstedt,22855,53.712313,9.995697,53.712428,9.99571,,,,,,,,,,,False,4914.3,10.296666666666663,8,18.296666666666663,No route,,79.4858,4,3,3,,,,,,,,,,,,,,,
EMP044,Angela Trommler,"Mälzerstr. 46, 21035 Hamburg",Hamburg,21035,53.456041,9.971332,53.456041,9.971332,Eißendorfer Straße (TU Hamburg),5686864205.0,1.0,"Harksheide, Libellengrund",12461266487.0,1.0,7.180000000000001,49.7,3.7066666666666666,117.97333333333331,True,38722.7,50.041666666666664,8,58.041666666666664,90-120 min,60.0,282.33619999999996,5,5,5,38.0,38.0,38.0,Eißendorfer Straße (TU Hamburg),5686864205.0,1.0,"Harksheide, Libellengrund",12461266487.0,1.0,49.7,3.7066666666666666,46.5,7.180000000000001,60.586666666666666,57.38666666666666
EMP045,Mariana Ebert,"Ackermannstr. 6561, 22880 Wedel",Wedel,22880,53.561761,10.018583,53.561761,10.018583,Graumannsweg,10718408319.0,2.0,"Harksheide, Libellengrund",12461266487.0,1.0,1.8683333333333332,35.0,3.7066666666666666,84.14999999999999,True,16220.5,34.138333333333335,8,42.138333333333335,60-90 min,90.0,147.323,5,5,4,56.0,56.0,55.6,Graumannsweg,10718408319.0,2.0,"Harksheide, Libellengrund",12461266487.0,1.0,35.0,3.7066666666666666,38.0,1.8683333333333332,40.575,43.575
EMP046,Kreszentia Eckbauer,"Patbergring 6-7, 22880 Wedel",Wedel,22880,53.576357,9.713091,53.576421,9.713089,"Wedel, Müllerkamp",68665485.0,4.0,"Harksheide, Libellengrund",12461266487.0,1.0,4.569999999999999,72.0,3.7066666666666666,160.5533333333333,True,31773.1,44.836666666666666,8,52.836666666666666,120+ min,30.0,240.6386,5,5,5,20.0,20.0,20.0,"Wedel, Müllerkamp",68665485.0,4.0,"Harksheide, Libellengrund",12461266487.0,1.0,72.0,3.7066666666666666,72.0,4.569999999999999,80.27666666666666,80.27666666666666
EMP047,Klothilde Ackermann-Jähn,"Siegmar-Stadelmann-Straße 599, 20251 Hamburg",Hamburg,20251,53.576158,10.007046,53.575573,10.006979,Zimmerstraße,335695109.0,3.0,"Harksheide, Libellengrund",12461266487.0,1.0,8.108333333333333,32.0,3.7066666666666666,84.63,True,14719.4,31.45,8,39.45,60-90 min,60.0,138.3164,5,5,4,38.0,38.0,37.6,Zimmerstraße,335695109.0,3.0,"Harksheide, Libellengrund",12461266487.0,1.0,32.0,3.7066666666666666,29.0,8.108333333333333,43.815,40.815
EMP048,Univ.Prof. Christa-Maria Sorgatz B.Sc.,"Häringstraße 87/47, 22880 Wedel",Wedel,22880,53.545322,9.9871,53.545346,9.986892,Auf dem Sande (Speicherstadt),1706051747.0,5.0,"Harksheide, Libellengrund",12461266487.0,1.0,4.2733333333333325,30.0,3.7066666666666666,75.96,True,18466.1,39.82,8,47.82,60-90 min,100.0,160.79659999999998,5,5,4,62.0,62.0,61.6,Auf dem Sande (Speicherstadt),1706051747.0,5.0,"Harksheide, Libellengrund",12461266487.0,1.0,30.0,3.7066666666666666,30.0,4.2733333333333325,37.98,37.98
EMP049,Claus-Dieter Barth B.Sc.,"Pieperweg 51/43, 22627 Ahrensburg",Ahrensburg,22627,53.58095,9.819853,53.580951,9.819853,Musäusstraße,6557816495.0,2.0,"Harksheide, Libellengrund",12461266487.0,1.0,3.475,58.0,3.7066666666666666,127.36333333333334,True,22084.4,35.14,8,43.14,120+ min,50.0,182.5064,5,5,5,32.0,32.0,32.0,Musäusstraße,6557816495.0,2.0,"Harksheide, Libellengrund",12461266487.0,1.0,58.0,3.7066666666666666,55.0,3.475,65.18166666666667,62.181666666666665
EMP050,Dipl.-Ing. Elena Finke B.Sc.,"Willibald-Schmidt-Gasse 46-79, 22880 Wedel",Wedel,22880,53.576357,9.713091,53.576421,9.713089,"Wedel, Müllerkamp",68665485.0,4.0,"Harksheide, Libellengrund",12461266487.0,1.0,4.569999999999999,72.0,3.7066666666666666,160.5533333333333,True,31773.1,44.836666666666666,8,52.836666666666666,120+ min,30.0,240.6386,5,5,5,20.0,20.0,20.0,"Wedel, Müllerkamp",68665485.0,4.0,"Harksheide, Libellengrund",12461266487.0,1.0,72.0,3.7066666666666666,72.0,4.569999999999999,80.27666666666666,80.27666666666666
EMP051,Herr Herbert Eimer MBA.,"Leyla-Löffler-Platz 187, 22627 Ahrensburg",Ahrensburg,22627,53.673068,10.235456,53.672891,10.235353,,,,,,,,,,,False,20627.8,35.32666666666667,8,43.32666666666667,No route,,173.7668,5,5,5,,,,,,,,,,,,,,,
EMP052,Univ.Prof. Stephan Mülichen,"Wendestraße 9-8, 21079 Harburg",Harburg,21079,53.571359,9.983775,53.571325,9.983755,Parkallee,332243412.0,1.0,"Harksheide, Libellengrund",12461266487.0,1.0,5.338333333333334,24.0,3.7066666666666666,66.09,True,14417.5,30.78,8,38.78,60-90 min,90.0,136.505,5,5,4,56.0,56.0,55.6,Parkallee,332243412.0,1.0,"Harksheide, Libellengrund",12461266487.0,1.0,24.0,3.7066666666666666,24.0,5.338333333333334,33.045,33.045
EMP053,Ina Buchholz,"Heserallee 4487, 22626 Ahrensburg",Ahrensburg,22626,53.673068,10.235456,53.672891,10.235353,,,,,,,,,,,False,20627.8,35.32666666666667,8,43.32666666666667,No route,,173.7668,5,5,5,,,,,,,,,,,,,,,
EMP054,Erhard Kraus-Täsche,"Heinzring 25/38, 22880 Wedel",Wedel,22880,53.576357,9.713091,53.576421,9.713089,"Wedel, Müllerkamp",68665485.0,4.0,"Harksheide, Libellengrund",12461266487.0,1.0,4.569999999999999,72.0,3.7066666666666666,160.5533333333333,True,31773.1,44.836666666666666,8,52.836666666666666,120+ min,30.0,240.6386,5,5,5,20.0,20.0,20.0,"Wedel, Müllerkamp",68665485.0,4.0,"Harksheide, Libellengrund",12461266487.0,1.0,72.0,3.7066666666666666,72.0,4.569999999999999,80.27666666666666,80.27666666666666
EMP055,Herma Bolander B.A.,"Ilonka-Hamann-Gasse 7-6, 20097 Hamburg",Hamburg,20097,53.576158,10.007046,53.575573,10.006979,Zimmerstraße,335695109.0,3.0,"Harksheide, Libellengrund",12461266487.0,1.0,8.108333333333333,32.0,3.7066666666666666,84.63,True,14719.4,31.45,8,39.45,60-90 min,60.0,138.3164,5,5,4,38.0,38.0,37.6,Zimmerstraße,335695109.0,3.0,"Harksheide, Libellengrund",12461266487.0,1.0,32.0,3.7066666666666666,29.0,8.108333333333333,43.815,40.815
EMP056,Ivonne Albers-Kitzmann,"Krebsallee 9, 22880 Wedel",Wedel,22880,53.563793,9.902143,53.563892,9.902136,Bahrenfelder Marktplatz,538471368.0,4.0,"Harksheide, Libellengrund",12461266487.0,1.0,3.78,43.0,3.7066666666666666,98.97333333333331,True,17552.1,26.813333333333333,8,34.81333333333333,90-120 min,50.0,155.3126,5,5,4,32.0,32.0,31.6,Händelstraße,5901964564.0,5.0,"Harksheide, Libellengrund",12461266487.0,1.0,42.0,3.7066666666666666,42.0,3.78,49.486666666666665,49.486666666666665
EMP057,Dipl.-Ing. Emanuel Heydrich MBA.,"Wellerstraße 9-9, 22880 Wedel",Wedel,22880,53.263951,9.733569,53.263949,9.733565,,,,,,,,,,,False,64221.7,65.955,8,73.955,No route,,435.3302,5,5,5,,,,,,,,,,,,,,,
EMP058,Traugott Kreusel,"Baumstraße 86/32, 20253 Hamburg",Hamburg,20253,53.6246094,10.1006654,53.624609,10.100665,Am Stühm-Süd,6323310474.0,2.0,"Harksheide, Libellengrund",12461266487.0,1.0,5.996666666666667,0.0,3.7066666666666666,19.406666666666663,True,13427.5,28.416666666666668,8,36.41666666666667,0-60 min,100.0,130.565,5,4,4,62.0,61.6,61.6,Am Stühm-Süd,6323310474.0,2.0,"Harksheide, Libellengrund",12461266487.0,1.0,0.0,3.7066666666666666,0.0,5.996666666666667,9.703333333333331,9.703333333333331
EMP059,Halina Junken,"Denis-Seifert-Straße 172, 22850 Norderstedt",Norderstedt,22850,53.712313,9.995697,53.712428,9.99571,,,,,,,,,,,False,4914.3,10.296666666666663,8,18.296666666666663,No route,,79.4858,4,3,3,,,,,,,,,,,,,,,
EMP060,Saskia Butte,"Uli-Junken-Ring 5-7, 22629 Ahrensburg",Ahrensburg,22629,53.673068,10.235456,53.672891,10.235353,,,,,,,,,,,False,20627.8,35.32666666666667,8,43.32666666666667,No route,,173.7668,5,5,5,,,,,,,,,,,,,,,
EMP061,Univ.Prof. Apostolos Zahn B.Sc.,"Bährweg 5, 22846 Norderstedt",Norderstedt,22846,53.810111,10.37286,53.810064,10.372694,,,,,,,,,,,False,31055.3,44.45,8,52.45,No route,,236.3318,5,5,5,,,,,,,,,,,,,,,
EMP062,Ernst-August Eberth-Mühle,"Ulla-Hentschel-Platz 9, 22850 Norderstedt",Norderstedt,22850,53.712313,9.995697,53.712428,9.99571,,,,,,,,,,,False,4914.3,10.296666666666663,8,18.296666666666663,No route,,79.4858,4,3,3,,,,,,,,,,,,,,,
EMP063,Reiner Fröhlich,"Carmela-Harloff-Straße 6/3, 21614 Buxtehude",Buxtehude,21614,53.490193,9.761105,53.490427,9.761102,"Rübke, Kurzer Weg",2886314002.0,1.0,"Harksheide, Libellengrund",12461266487.0,1.0,0.0916666666666666,73.5,3.7066666666666666,148.29666666666668,True,40302.7,61.83166666666667,8,69.83166666666668,120+ min,70.0,291.8162,5,5,5,44.0,44.0,44.0,"Rübke, Kurzer Weg",2886314002.0,1.0,"Harksheide, Libellengrund",12461266487.0,1.0,73.5,3.7066666666666666,67.2,0.0916666666666666,77.29833333333333,70.99833333333333
EMP064,Heidelore Trubin-Gumprich,"Dörrstr. 4, 22629 Ahrensburg",Ahrensburg,22629,53.572406,10.079473,53.572554,10.079794,Josephstraße,6126413728.0,1.0,"Harksheide, Libellengrund",12461266487.0,1.0,3.2266666666666666,21.0,3.7066666666666666,65.86666666666667,True,15681.3,36.175,8,44.175,60-90 min,100.0,144.0878,5,5,4,62.0,62.0,61.6,Gustav-Adolf-Straße,6126376439.0,5.0,"Harksheide, Libellengrund",12461266487.0,1.0,25.0,3.7066666666666666,27.0,3.2266666666666666,31.933333333333337,33.93333333333334
EMP065,Hakan Reichmann,"Daria-Stumpf-Allee 2149, 22627 Ahrensburg",Ahrensburg,22627,53.673068,10.235456,53.672891,10.235353,,,,,,,,,,,False,20627.8,35.32666666666667,8,43.32666666666667,No route,,173.7668,5,5,5,,,,,,,,,,,,,,,
EMP066,Silvester Linke,"Speerring 68, 22880 Wedel",Wedel,22880,53.576357,9.713091,53.576421,9.713089,"Wedel, Müllerkamp",68665485.0,4.0,"Harksheide, Libellengrund",12461266487.0,1.0,4.569999999999999,72.0,3.7066666666666666,160.5533333333333,True,31773.1,44.836666666666666,8,52.836666666666666,120+ min,30.0,240.6386,5,5,5,20.0,20.0,20.0,"Wedel, Müllerkamp",68665485.0,4.0,"Harksheide, Libellengrund",12461266487.0,1.0,72.0,3.7066666666666666,72.0,4.569999999999999,80.27666666666666,80.27666666666666
EMP067,Louise Renner,"Döringstraße 77/32, 22880 Wedel",Wedel,22880,53.624964,10.090663,53.624999,10.090758,Gumbinner Kehre,6323310479.0,1.0,"Harksheide, Libellengrund",12461266487.0,1.0,2.6983333333333333,32.0,3.7066666666666666,77.80999999999999,True,13378.6,28.891666666666666,8,36.891666666666666,60-90 min,70.0,130.2716,5,4,4,44.0,43.6,43.6,Gumbinner Kehre,6323310479.0,1.0,"Harksheide, Libellengrund",12461266487.0,1.0,32.0,3.7066666666666666,33.0,2.6983333333333333,38.404999999999994,39.404999999999994
EMP068,Fredo Mende,"Mohauptstraße 6/4, 22880 Wedel",Wedel,22880,53.572406,10.079473,53.572554,10.079794,Josephstraße,6126413728.0,1.0,"Harksheide, Libellengrund",12461266487.0,1.0,3.2266666666666666,21.0,3.7066666666666666,65.86666666666667,True,15681.3,36.175,8,44.175,60-90 min,100.0,144.0878,5,5,4,62.0,62.0,61.6,Gustav-Adolf-Straße,6126376439.0,5.0,"Harksheide, Libellengrund",12461266487.0,1.0,25.0,3.7066666666666666,27.0,3.2266666666666666,31.933333333333337,33.93333333333334
EMP069,Ing. Clarissa Neuschäfer B.A.,"Karolin-Mitschke-Weg 6-1, 22880 Wedel",Wedel,22880,53.576357,9.713091,53.576421,9.713089,"Wedel, Müllerkamp",68665485.0,4.0,"Harksheide, Libellengrund",12461266487.0,1.0,4.569999999999999,72.0,3.7066666666666666,160.5533333333333,True,31773.1,44.836666666666666,8,52.836666666666666,120+ min,30.0,240.6386,5,5,5,20.0,20.0,20.0,"Wedel, Müllerkamp",68665485.0,4.0,"Harksheide, Libellengrund",12461266487.0,1.0,72.0,3.7066666666666666,72.0,4.569999999999999,80.27666666666666,80.27666666666666
EMP070,Jochem Grein Groth,"Heserring 5/9, 20253 Hamburg",Hamburg,20253,53.576158,10.007046,53.575573,10.006979,Zimmerstraße,335695109.0,3.0,"Harksheide, Libellengrund",12461266487.0,1.0,8.108333333333333,32.0,3.7066666666666666,84.63,True,14719.4,31.45,8,39.45,60-90 min,60.0,138.3164,5,5,4,38.0,38.0,37.6,Zimmerstraße,335695109.0,3.0,"Harksheide, Libellengrund",12461266487.0,1.0,32.0,3.7066666666666666,29.0,8.108333333333333,43.815,40.815
EMP071,Reingard Bachmann B.Sc.,"Ilja-Tschentscher-Straße 88-83, 22626 Ahrensburg",Ahrensburg,22626,53.673068,10.235456,53.672891,10.235353,,,,,,,,,,,False,20627.8,35.32666666666667,8,43.32666666666667,No route,,173.7668,5,5,5,,,,,,,,,,,,,,,
EMP072,Hildegunde Weinhage,"Hartungstraße 8495, 22626 Ahrensburg",Ahrensburg,22626,53.570271,9.986559,53.570271,9.986559,Museum am Rothenbaum,335410001.0,2.0,"Harksheide, Libellengrund",12461266487.0,1.0,4.02,24.0,3.7066666666666666,63.45333333333333,True,14665.3,31.506666666666668,8,39.50666666666667,60-90 min,90.0,137.99179999999998,5,5,4,56.0,56.0,55.6,Museum am Rothenbaum,335410001.0,2.0,"Harksheide, Libellengrund",12461266487.0,1.0,24.0,3.7066666666666666,24.0,4.02,31.726666666666667,31.726666666666667
EMP073,Oswald Gröttner,"Kitzmannweg 54-44, 22049 Hamburg",Hamburg,22049,53.649311,9.804004,53.649339,9.804241,,,,,,,,,,,False,20128.8,31.201666666666664,8,39.20166666666667,No route,,170.7728,5,5,5,,,,,,,,,,,,,,,
EMP074,Mirjam Schacht,"Dussen vanweg 833, 21682 Buxtehude",Buxtehude,21682,53.490193,9.761105,53.490427,9.761102,"Rübke, Kurzer Weg",2886314002.0,1.0,"Harksheide, Libellengrund",12461266487.0,1.0,0.0916666666666666,73.5,3.7066666666666666,148.29666666666668,True,40302.7,61.83166666666667,8,69.83166666666668,120+ min,70.0,291.8162,5,5,5,44.0,44.0,44.0,"Rübke, Kurzer Weg",2886314002.0,1.0,"Harksheide, Libellengrund",12461266487.0,1.0,73.5,3.7066666666666666,67.2,0.0916666666666666,77.29833333333333,70.99833333333333
EMP075,Agnes Trommler,"Ditschlerinallee 3435, 21682 Buxtehude",Buxtehude,21682,53.490193,9.761105,53.490427,9.761102,"Rübke, Kurzer Weg",2886314002.0,1.0,"Harksheide, Libellengrund",12461266487.0,1.0,0.0916666666666666,73.5,3.7066666666666666,148.29666666666668,True,40302.7,61.83166666666667,8,69.83166666666668,120+ min,70.0,291.8162,5,5,5,44.0,44.0,44.0,"Rübke, Kurzer Weg",2886314002.0,1.0,"Harksheide, Libellengrund",12461266487.0,1.0,73.5,3.7066666666666666,67.2,0.0916666666666666,77.29833333333333,70.99833333333333
EMP076,Sükrü Aumann,"Kamil-Bien-Gasse 3/8, 22627 Ahrensburg",Ahrensburg,22627,53.673068,10.235456,53.672891,10.235353,,,,,,,,,,,False,20627.8,35.32666666666667,8,43.32666666666667,No route,,173.7668,5,5,5,,,,,,,,,,,,,,,
EMP077,Frau Rotraud Bolzmann MBA.,"Möchlichenstraße 15-52, 21079 Harburg",Harburg,21079,53.452194,9.897592,53.452166,9.898249,"Ehestorf, Hohlredder",478118123.0,3.0,"Harksheide, Libellengrund",12461266487.0,1.0,6.72,56.9,6.403333333333333,149.94666666666666,True,38831.6,51.986666666666665,8,59.986666666666665,120+ min,40.0,282.9896,5,5,5,26.0,26.0,26.0,"Ehestorf, Hohlredder",478118123.0,3.0,"Harksheide, Heidehofweg (West)",12461266488.0,5.0,57.9,6.403333333333333,65.8,6.72,71.02333333333334,78.92333333333333
EMP078,Ruben Rose-Jähn,"Briemerstr. 2, 22627 Ahrensburg",Ahrensburg,22627,53.555306,9.820787,53.555282,9.820734,Elbuferweg,336643748.0,2.0,"Harksheide, Libellengrund",12461266487.0,1.0,1.4016666666666666,51.0,3.7066666666666666,113.21666666666664,True,24331.2,41.836666666666666,8,49.836666666666666,90-120 min,70.0,195.98719999999997,5,5,5,44.0,44.0,44.0,Elbuferweg,336643748.0,2.0,"Harksheide, Libellengrund",12461266487.0,1.0,51.0,3.7066666666666666,52.0,1.4016666666666666,56.10833333333333,57.10833333333333
EMP079,Inka Margraf-Huhn,"Iwan-Drubin-Weg 4-9, 21077 Harburg",Harburg,21077,53.452194,9.897592,53.452166,9.898249,"Ehestorf, Hohlredder",478118123.0,3.0,"Harksheide, Libellengrund",12461266487.0,1.0,6.72,56.9,6.403333333333333,149.94666666666666,True,38831.6,51.986666666666665,8,59.986666666666665,120+ min,40.0,282.9896,5,5,5,26.0,26.0,26.0,"Ehestorf, Hohlredder",478118123.0,3.0,"Harksheide, Heidehofweg (West)",12461266488.0,5.0,57.9,6.403333333333333,65.8,6.72,71.02333333333334,78.92333333333333
EMP080,Willfried Wiek,"Jäkelstr. 9, 22047 Hamburg",Hamburg,22047,53.563793,9.902143,53.563892,9.902136,Bahrenfelder Marktplatz,538471368.0,4.0,"Harksheide, Libellengrund",12461266487.0,1.0,3.78,43.0,3.7066666666666666,98.97333333333331,True,17552.1,26.813333333333333,8,34.81333333333333,90-120 min,50.0,155.3126,5,5,4,32.0,32.0,31.6,Händelstraße,5901964564.0,5.0,"Harksheide, Libellengrund",12461266487.0,1.0,42.0,3.7066666666666666,42.0,3.78,49.486666666666665,49.486666666666665
EMP081,Prof. Arne Franke,"Emmy-Hahn-Ring 42, 22415 Hamburg",Hamburg,22415,53.576158,10.007046,53.575573,10.006979,Zimmerstraße,335695109.0,3.0,"Harksheide, Libellengrund",12461266487.0,1.0,8.108333333333333,32.0,3.7066666666666666,84.63,True,14719.4,31.45,8,39.45,60-90 min,60.0,138.3164,5,5,4,38.0,38.0,37.6,Zimmerstraße,335695109.0,3.0,"Harksheide, Libellengrund",12461266487.0,1.0,32.0,3.7066666666666666,29.0,8.108333333333333,43.815,40.815
EMP082,Meike Metz,"Rüdiger-Mende-Allee 44-50, 22848 Norderstedt",Norderstedt,22848,53.712313,9.995697,53.712428,9.99571,,,,,,,,,,,False,4914.3,10.296666666666663,8,18.296666666666663,No route,,79.4858,4,3,3,,,,,,,,,,,,,,,
EMP083,Ulf Hethur-Faust,"Heidemarie-Heintze-Ring 4618, 22880 Wedel",Wedel,22880,53.576357,9.713091,53.576421,9.713089,"Wedel, Müllerkamp",68665485.0,4.0,"Harksheide, Libellengrund",12461266487.0,1.0,4.569999999999999,72.0,3.7066666666666666,160.5533333333333,True,31773.1,44.836666666666666,8,52.836666666666666,120+ min,30.0,240.6386,5,5,5,20.0,20.0,20.0,"Wedel, Müllerkamp",68665485.0,4.0,"Harksheide, Libellengrund",12461266487.0,1.0,72.0,3.7066666666666666,72.0,4.569999999999999,80.27666666666666,80.27666666666666
EMP084,Marlies Jähn MBA.,"Bruno-Gehringer-Ring 8/2, 21077 Harburg",Harburg,21077,53.452194,9.897592,53.452166,9.898249,"Ehestorf, Hohlredder",478118123.0,3.0,"Harksheide, Libellengrund",12461266487.0,1.0,6.72,56.9,6.403333333333333,149.94666666666666,True,38831.6,51.986666666666665,8,59.986666666666665,120+ min,40.0,282.9896,5,5,5,26.0,26.0,26.0,"Ehestorf, Hohlredder",478118123.0,3.0,"Harksheide, Heidehofweg (West)",12461266488.0,5.0,57.9,6.403333333333333,65.8,6.72,71.02333333333334,78.92333333333333
EMP085,Liselotte Hermann,"Ottostr. 17-71, 22880 Wedel",Wedel,22880,53.60151,9.907804,53.601503,9.907805,Mühlenauweg,2471006833.0,5.0,"Harksheide, Heidehofweg (West)",12461266488.0,5.0,4.586666666666667,28.9,6.403333333333333,75.88,True,13463.6,24.11,8,32.11,60-90 min,60.0,130.78159999999997,5,4,4,38.0,37.6,37.6,Reichsbahnstraße,1617465784.0,1.0,"Harksheide, Heidehofweg (West)",12461266488.0,5.0,32.9,6.403333333333333,21.0,4.586666666666667,43.89,31.99
EMP086,Ralf-Dieter Wernecke,"Dirk-Hein-Allee 4, 22846 Norderstedt",Norderstedt,22846,53.712313,9.995697,53.712428,9.99571,,,,,,,,,,,False,4914.3,10.296666666666663,8,18.296666666666663,No route,,79.4858,4,3,3,,,,,,,,,,,,,,,
EMP087,Horst-Peter Keudel,"Wenzel-Pohl-Allee 74-82, 22848 Norderstedt",Norderstedt,22848,53.712313,9.995697,53.712428,9.99571,,,,,,,,,,,False,4914.3,10.296666666666663,8,18.296666666666663,No route,,79.4858,4,3,3,,,,,,,,,,,,,,,
EMP088,Univ.Prof. Jelena Hövel,"Kadering 62, 22457 Hamburg",Hamburg,22457,53.576158,10.007046,53.575573,10.006979,Zimmerstraße,335695109.0,3.0,"Harksheide, Libellengrund",12461266487.0,1.0,8.108333333333333,32.0,3.7066666666666666,84.63,True,14719.4,31.45,8,39.45,60-90 min,60.0,138.3164,5,5,4,38.0,38.0,37.6,Zimmerstraße,335695109.0,3.0,"Harksheide, Libellengrund",12461266487.0,1.0,32.0,3.7066666666666666,29.0,8.108333333333333,43.815,40.815
EMP089,Gilbert Herrmann,"Wesackstr. 7, 22149 Hamburg",Hamburg,22149,53.586758,10.037002,53.586777,10.036784,Burmesterstraße,6128819465.0,2.0,"Harksheide, Libellengrund",12461266487.0,1.0,1.0366666666666666,17.0,3.7066666666666666,42.486666666666665,True,13146.0,29.22,8,37.22,0-60 min,100.0,128.876,5,4,4,62.0,61.6,61.6,Burmesterstraße,6128819465.0,2.0,"Harksheide, Libellengrund",12461266487.0,1.0,17.0,3.7066666666666666,16.0,1.0366666666666666,21.743333333333332,20.743333333333332
EMP090,Henrike Bloch B.A.,"Druballee 9-1, 21614 Buxtehude",Buxtehude,21614,53.510703,10.251378,53.510618,10.251297,,,,,,,,,,,False,34894.5,56.17666666666666,8,64.17666666666666,No route,,259.36699999999996,5,5,5,,,,,,,,,,,,,,,
EMP091,Vinzenz Hövel-Mangold,"Scholtzallee 47-50, 22629 Ahrensburg",Ahrensburg,22629,53.673068,10.235456,53.672891,10.235353,,,,,,,,,,,False,20627.8,35.32666666666667,8,43.32666666666667,No route,,173.7668,5,5,5,,,,,,,,,,,,,,,
EMP092,Frau Dorota Drewes,"Eberhardtgasse 1248, 22419 Hamburg",Hamburg,22419,53.576158,10.007046,53.575573,10.006979,Zimmerstraße,335695109.0,3.0,"Harksheide, Libellengrund",12461266487.0,1.0,8.108333333333333,32.0,3.7066666666666666,84.63,True,14719.4,31.45,8,39.45,60-90 min,60.0,138.3164,5,5,4,38.0,38.0,37.6,Zimmerstraße,335695109.0,3.0,"Harksheide, Libellengrund",12461266487.0,1.0,32.0,3.7066666666666666,29.0,8.108333333333333,43.815,40.815
EMP093,Herma Nette,"Drubinweg 974, 22880 Wedel",Wedel,22880,53.545,10.079558,53.544997,10.07951,Eekholtesweg,6341370493.0,2.0,"Harksheide, Libellengrund",12461266487.0,1.0,7.03,33.0,3.7066666666666666,85.47333333333333,True,20467.5,46.46666666666667,8,54.46666666666667,60-90 min,90.0,172.805,5,5,5,56.0,56.0,56.0,Eekholtesweg,6341370493.0,2.0,"Harksheide, Libellengrund",12461266487.0,1.0,33.0,3.7066666666666666,31.0,7.03,43.736666666666665,41.736666666666665
EMP094,Steve Bohnbach-Hofmann,"Henkstraße 963, 22626 Ahrensburg",Ahrensburg,22626,53.543635,10.079803,53.543632,10.079743,Eekholtesweg,6341370493.0,1.0,"Harksheide, Libellengrund",12461266487.0,1.0,5.198333333333333,33.0,3.7066666666666666,81.80999999999999,True,20314.9,46.20666666666667,8,54.20666666666667,60-90 min,100.0,171.88940000000002,5,5,5,62.0,62.0,62.0,Eekholtesweg,6341370493.0,1.0,"Harksheide, Libellengrund",12461266487.0,1.0,33.0,3.7066666666666666,31.0,5.198333333333333,41.904999999999994,39.904999999999994
EMP095,Senta Schaaf,"Kargeallee 1/5, 21682 Buxtehude",Buxtehude,21682,53.61251,10.113874,53.612559,10.114047,Pflegezentrum Farmsen,423493923.0,3.0,"Harksheide, Libellengrund",12461266487.0,1.0,2.155,32.0,3.7066666666666666,85.72333333333333,True,14441.9,29.166666666666668,8,37.16666666666667,60-90 min,70.0,136.6514,5,5,4,44.0,44.0,43.6,Pflegezentrum Farmsen,423493923.0,3.0,"Harksheide, Libellengrund",12461266487.0,1.0,32.0,3.7066666666666666,42.0,2.155,37.861666666666665,47.861666666666665
EMP096,Irena Jungfer-Graf,"Fischerstraße 95-95, 22880 Wedel",Wedel,22880,53.477743,9.700147,53.477743,9.700147,,,,,,,,,,,False,47081.1,69.22666666666667,8,77.22666666666667,No route,,332.48659999999995,5,5,5,,,,,,,,,,,,,,,
EMP097,Univ.Prof. Traude Kranz MBA.,"Charlotte-Kraus-Platz 1-6, 21682 Buxtehude",Buxtehude,21682,53.490193,9.761105,53.490427,9.761102,"Rübke, Kurzer Weg",2886314002.0,1.0,"Harksheide, Libellengrund",12461266487.0,1.0,0.0916666666666666,73.5,3.7066666666666666,148.29666666666668,True,40302.7,61.83166666666667,8,69.83166666666668,120+ min,70.0,291.8162,5,5,5,44.0,44.0,44.0,"Rübke, Kurzer Weg",2886314002.0,1.0,"Harksheide, Libellengrund",12461266487.0,1.0,73.5,3.7066666666666666,67.2,0.0916666666666666,77.29833333333333,70.99833333333333
EMP098,Agnieszka Ullmann B.A.,"Agnes-Beier-Platz 21/97, 21107 Harburg",Harburg,21107,53.452194,9.897592,53.452166,9.898249,"Ehestorf, Hohlredder",478118123.0,3.0,"Harksheide, Libellengrund",12461266487.0,1.0,6.72,56.9,6.403333333333333,149.94666666666666,True,38831.6,51.986666666666665,8,59.986666666666665,120+ min,40.0,282.9896,5,5,5,26.0,26.0,26.0,"Ehestorf, Hohlredder",478118123.0,3.0,"Harksheide, Heidehofweg (West)",12461266488.0,5.0,57.9,6.403333333333333,65.8,6.72,71.02333333333334,78.92333333333333
EMP099,Luitgard Süßebier,"Sölzerplatz 57, 22117 Hamburg",Hamburg,22117,53.605402,9.898746,53.605486,9.898921,Furtweg,5593354405.0,1.0,"Harksheide, Heidehofweg (West)",12461266488.0,5.0,0.6016666666666667,28.9,6.403333333333333,63.91,True,13050.1,23.2,8,31.2,60-90 min,70.0,128.3006,5,4,4,44.0,43.6,43.6,Furtweg,5593354405.0,1.0,"Harksheide, Heidehofweg (West)",12461266488.0,5.0,28.9,6.403333333333333,21.0,0.6016666666666667,35.905,28.005
EMP100,Linus Bohnbach,"Seipgasse 68/86, 22846 Norderstedt",Norderstedt,22846,53.456275,9.986693,53.456275,9.986693,Moorstraße (Phoenix-Center),335249677.0,3.0,"Harksheide, Libellengrund",12461266487.0,1.0,1.0533333333333337,43.0,3.7066666666666666,95.52,True,35111.0,50.32,8,58.32,90-120 min,90.0,260.66599999999994,5,5,5,56.0,56.0,56.0,Moorstraße (Phoenix-Center),335249677.0,3.0,"Harksheide, Libellengrund",12461266487.0,1.0,43.0,3.7066666666666666,43.0,1.0533333333333337,47.76,47.76
EMP101,Chantal Täsche B.Eng.,"Eva-Stolze-Ring 2161, 22880 Wedel",Wedel,22880,53.576357,9.713091,53.576357,9.713091,"Wedel, Müllerkamp",68665485.0,4.0,"Harksheide, Libellengrund",12461266487.0,1.0,4.569999999999999,72.0,3.7066666666666666,160.5533333333333,True,31773.1,44.836666666666666,8,52.836666666666666,120+ min,30.0,240.6386,5,5,5,20.0,20.0,20.0,"Wedel, Müllerkamp",68665485.0,4.0,"Harksheide, Libellengrund",12461266487.0,1.0,72.0,3.7066666666666666,72.0,4.569999999999999,80.27666666666666,80.27666666666666
EMP102,Dr. Eleni Radisch,"Bastian-Junk-Gasse 6/6, 21614 Buxtehude",Buxtehude,21614,53.490193,9.761105,53.490427,9.761102,"Rübke, Kurzer Weg",2886314002.0,1.0,"Harksheide, Libellengrund",12461266487.0,1.0,0.0916666666666666,73.5,3.7066666666666666,148.29666666666668,True,40302.7,61.83166666666667,8,69.83166666666668,120+ min,70.0,291.8162,5,5,5,44.0,44.0,44.0,"Rübke, Kurzer Weg",2886314002.0,1.0,"Harksheide, Libellengrund",12461266487.0,1.0,73.5,3.7066666666666666,67.2,0.0916666666666666,77.29833333333333,70.99833333333333
EMP103,Ludmilla Stoll-Hendriks,"Rosemannweg 222, 21614 Buxtehude",Buxtehude,21614,53.655354,10.209463,53.655274,10.209794,"Ahrensburg, Bornkampsweg (Ost)",1862134190.0,3.0,"Harksheide, Libellengrund",12461266487.0,1.0,6.993333333333334,70.0,3.7066666666666666,133.9,True,19524.6,34.4,8,42.4,120+ min,20.0,167.1476,5,5,5,14.0,14.0,14.0,"Ahrensburg, Bornkampsweg (Ost)",1862134190.0,3.0,"Harksheide, Libellengrund",12461266487.0,1.0,70.0,3.7066666666666666,42.5,6.993333333333334,80.7,53.2
EMP104,Tomas Mohaupt,"Säuberlichplatz 5747, 22852 Norderstedt",Norderstedt,22852,53.712313,9.995697,53.712428,9.99571,,,,,,,,,,,False,4914.3,10.296666666666663,8,18.296666666666663,No route,,79.4858,4,3,3,,,,,,,,,,,,,,,
EMP105,Mandy Löffler,"Steystr. 617, 22419 Hamburg",Hamburg,22419,53.734665,9.994689,53.734626,9.993998,,,,,,,,,,,False,7315.0,15.531666666666666,8,23.531666666666663,No route,,93.89,4,4,3,,,,,,,,,,,,,,,
EMP106,Frau Edeltrud Kranz B.Eng.,"Meyerallee 4/7, 22854 Norderstedt",Norderstedt,22854,53.586758,10.037002,53.586777,10.036784,Burmesterstraße,6128819465.0,2.0,"Harksheide, Libellengrund",12461266487.0,1.0,1.0366666666666666,17.0,3.7066666666666666,42.486666666666665,True,13146.0,29.22,8,37.22,0-60 min,100.0,128.876,5,4,4,62.0,61.6,61.6,Burmesterstraße,6128819465.0,2.0,"Harksheide, Libellengrund",12461266487.0,1.0,17.0,3.7066666666666666,16.0,1.0366666666666666,21.743333333333332,20.743333333333332
EMP107,Adriane Rosemann,"Thiesring 6, 21075 Harburg",Harburg,21075,53.452194,9.897592,53.452166,9.898249,"Ehestorf, Hohlredder",478118123.0,3.0,"Harksheide, Libellengrund",12461266487.0,1.0,6.72,56.9,6.403333333333333,149.94666666666666,True,38831.6,51.986666666666665,8,59.986666666666665,120+ min,40.0,282.9896,5,5,5,26.0,26.0,26.0,"Ehestorf, Hohlredder",478118123.0,3.0,"Harksheide, Heidehofweg (West)",12461266488.0,5.0,57.9,6.403333333333333,65.8,6.72,71.02333333333334,78.92333333333333
EMP108,Lothar Hermann B.A.,"Sibylle-auch Schlauchin-Allee 64-43, 22880 Wedel",Wedel,22880,53.576357,9.713091,53.576421,9.713089,"Wedel, Müllerkamp",68665485.0,4.0,"Harksheide, Libellengrund",12461266487.0,1.0,4.569999999999999,72.0,3.7066666666666666,160.5533333333333,True,31773.1,44.836666666666666,8,52.836666666666666,120+ min,30.0,240.6386,5,5,5,20.0,20.0,20.0,"Wedel, Müllerkamp",68665485.0,4.0,"Harksheide, Libellengrund",12461266487.0,1.0,72.0,3.7066666666666666,72.0,4.569999999999999,80.27666666666666,80.27666666666666
EMP109,Alwine Sager B.Eng.,"Sandy-Schottin-Allee 4, 20355 Hamburg",Hamburg,20355,53.576158,10.007046,53.575573,10.006979,Zimmerstraße,335695109.0,3.0,"Harksheide, Libellengrund",12461266487.0,1.0,8.108333333333333,32.0,3.7066666666666666,84.63,True,14719.4,31.45,8,39.45,60-90 min,60.0,138.3164,5,5,4,38.0,38.0,37.6,Zimmerstraße,335695109.0,3.0,"Harksheide, Libellengrund",12461266487.0,1.0,32.0,3.7066666666666666,29.0,8.108333333333333,43.815,40.815
EMP110,Reza Reuter-Kobelt,"Dimitri-Hübel-Ring 3-4, 22626 Ahrensburg",Ahrensburg,22626,53.673068,10.235456,53.672891,10.235353,,,,,,,,,,,False,20627.8,35.32666666666667,8,43.32666666666667,No route,,173.7668,5,5,5,,,,,,,,,,,,,,,
EMP111,Christopher Wende,"Gehringerring 24-85, 22846 Norderstedt",Norderstedt,22846,53.712313,9.995697,53.712428,9.99571,,,,,,,,,,,False,4914.3,10.296666666666663,8,18.296666666666663,No route,,79.4858,4,3,3,,,,,,,,,,,,,,,
EMP112,Rigo Kroker,"Natalija-Stey-Allee 9-6, 21077 Harburg",Harburg,21077,53.452194,9.897592,53.452166,9.898249,"Ehestorf, Hohlredder",478118123.0,3.0,"Harksheide, Libellengrund",12461266487.0,1.0,6.72,56.9,6.403333333333333,149.94666666666666,True,38831.6,51.986666666666665,8,59.986666666666665,120+ min,40.0,282.9896,5,5,5,26.0,26.0,26.0,"Ehestorf, Hohlredder",478118123.0,3.0,"Harksheide, Heidehofweg (West)",12461266488.0,5.0,57.9,6.403333333333333,65.8,6.72,71.02333333333334,78.92333333333333
EMP113,Miguel Heintze,"Josef-Reising-Gasse 75-64, 22856 Norderstedt",Norderstedt,22856,53.712313,9.995697,53.712428,9.99571,,,,,,,,,,,False,4914.3,10.296666666666663,8,18.296666666666663,No route,,79.4858,4,3,3,,,,,,,,,,,,,,,
EMP114,Margaret Lange,"Barthstr. 29/83, 20255 Hamburg",Hamburg,20255,53.5700379,9.9796505,53.570038,9.97965,Bezirksamt Eimsbüttel,2467433725.0,3.0,"Harksheide, Libellengrund",12461266487.0,1.0,3.2883333333333336,23.0,3.7066666666666666,60.99,True,14682.7,32.513333333333335,8,40.513333333333335,60-90 min,100.0,138.0962,5,5,4,62.0,62.0,61.6,Bezirksamt Eimsbüttel,2467433725.0,3.0,"Harksheide, Libellengrund",12461266487.0,1.0,23.0,3.7066666666666666,24.0,3.2883333333333336,29.995,30.995
EMP129,Frau Natalja Warmer,"Fliegnerweg 21-21, 21614 Buxtehude",Buxtehude,21614,53.589517,9.990497,53.589517,9.990497,U Kellinghusenstraße,3941075688.0,1.0,"Harksheide, Libellengrund",12461266487.0,1.0,1.105,20.0,3.7066666666666666,49.623333333333335,True,12425.0,27.52,8,35.519999999999996,0-60 min,100.0,124.55,5,4,4,62.0,61.6,61.6,U Kellinghusenstraße,3941075688.0,1.0,"Harksheide, Libellengrund",12461266487.0,1.0,20.0,3.7066666666666666,20.0,1.105,24.811666666666667,24.811666666666667
EMP130,Marie-Theres Eberhardt,"Ehlertstr. 9, 22415 Hamburg",Hamburg,22415,53.563793,9.902143,53.563892,9.902136,Bahrenfelder Marktplatz,538471368.0,4.0,"Harksheide, Libellengrund",12461266487.0,1.0,3.78,43.0,3.7066666666666666,98.97333333333331,True,17552.1,26.813333333333333,8,34.81333333333333,90-120 min,50.0,155.3126,5,5,4,32.0,32.0,31.6,Händelstraße,5901964564.0,5.0,"Harksheide, Libellengrund",12461266487.0,1.0,42.0,3.7066666666666666,42.0,3.78,49.486666666666665,49.486666666666665
EMP131,Giovanna Döhn,"Klappallee 1-5, 22855 Norderstedt",Norderstedt,22855,53.558074,9.974231,53.558073,9.974269,Messehallen,1586118354.0,3.0,"Harksheide, Libellengrund",12461266487.0,1.0,3.296666666666667,27.0,3.7066666666666666,69.00666666666666,True,16118.0,35.745,8,43.745,60-90 min,100.0,146.70799999999997,5,5,4,62.0,62.0,61.6,Messehallen,1586118354.0,3.0,"Harksheide, Libellengrund",12461266487.0,1.0,27.0,3.7066666666666666,28.0,3.296666666666667,34.00333333333333,35.00333333333333
EMP132,Ralf Holsten,"Gernot-Sontag-Straße 6158, 22880 Wedel",Wedel,22880,53.576357,9.713091,53.576421,9.713089,"Wedel, Müllerkamp",68665485.0,4.0,"Harksheide, Libellengrund",12461266487.0,1.0,4.569999999999999,72.0,3.7066666666666666,160.5533333333333,True,31773.1,44.836666666666666,8,52.836666666666666,120+ min,30.0,240.6386,5,5,5,20.0,20.0,20.0,"Wedel, Müllerkamp",68665485.0,4.0,"Harksheide, Libellengrund",12461266487.0,1.0,72.0,3.7066666666666666,72.0,4.569999999999999,80.27666666666666,80.27666666666666
EMP133,Alma Girschner,"Malgorzata-Lorch-Weg 9, 22119 Hamburg",Hamburg,22119,53.576158,10.007046,53.575573,10.006979,Zimmerstraße,335695109.0,3.0,"Harksheide, Libellengrund",12461266487.0,1.0,8.108333333333333,32.0,3.7066666666666666,84.63,True,14719.4,31.45,8,39.45,60-90 min,60.0,138.3164,5,5,4,38.0,38.0,37.6,Zimmerstraße,335695109.0,3.0,"Harksheide, Libellengrund",12461266487.0,1.0,32.0,3.7066666666666666,29.0,8.108333333333333,43.815,40.815
EMP134,Dimitrios Fechner,"Tintzmannallee 6/6, 21107 Harburg",Harburg,21107,53.456267,9.970468,53.456196,9.970332,Eißendorfer Straße (TU Hamburg),728565503.0,4.0,"Harksheide, Libellengrund",12461266487.0,1.0,6.241666666666666,49.7,3.7066666666666666,116.09666666666666,True,34873.3,48.88666666666666,8,56.88666666666666,90-120 min,70.0,259.2398,5,5,5,44.0,44.0,44.0,Eißendorfer Straße (TU Hamburg),5686864205.0,3.0,"Harksheide, Libellengrund",12461266487.0,1.0,49.7,3.7066666666666666,46.5,6.241666666666666,59.64833333333333,56.44833333333333
EMP135,Hans-Heinrich Lindner MBA.,"Bohnbachplatz 1, 22880 Wedel",Wedel,22880,53.51464,9.989696,53.514711,9.989895,Vogelhüttendeich,410242670.0,5.0,"Harksheide, Libellengrund",12461266487.0,1.0,3.385,44.7,3.7066666666666666,101.88333333333333,True,31645.4,48.580000000000005,8,56.580000000000005,90-120 min,90.0,239.8724,5,5,5,56.0,56.0,56.0,Vogelhüttendeich,410242670.0,5.0,"Harksheide, Libellengrund",12461266487.0,1.0,44.7,3.7066666666666666,43.0,3.385,51.791666666666664,50.09166666666666
EMP136,Czeslaw Franke,"Frankering 6/2, 22393 Hamburg",Hamburg,22393,53.576158,10.007046,53.575573,10.006979,Zimmerstraße,335695109.0,3.0,"Harksheide, Libellengrund",12461266487.0,1.0,8.108333333333333,32.0,3.7066666666666666,84.63,True,14719.4,31.45,8,39.45,60-90 min,60.0,138.3164,5,5,4,38.0,38.0,37.6,Zimmerstraße,335695109.0,3.0,"Harksheide, Libellengrund",12461266487.0,1.0,32.0,3.7066666666666666,29.0,8.108333333333333,43.815,40.815
EMP137,Dietlinde Wende,"Gundi-Butte-Ring 86-77, 22855 Norderstedt",Norderstedt,22855,53.712313,9.995697,53.712428,9.99571,,,,,,,,,,,False,4914.3,10.296666666666663,8,18.296666666666663,No route,,79.4858,4,3,3,,,,,,,,,,,,,,,
EMP138,Angelica Hartmann,"Muharrem-Losekann-Gasse 8/9, 21073 Harburg",Harburg,21073,53.452194,9.897592,53.452166,9.898249,"Ehestorf, Hohlredder",478118123.0,3.0,"Harksheide, Libellengrund",12461266487.0,1.0,6.72,56.9,6.403333333333333,149.94666666666666,True,38831.6,51.986666666666665,8,59.986666666666665,120+ min,40.0,282.9896,5,5,5,26.0,26.0,26.0,"Ehestorf, Hohlredder",478118123.0,3.0,"Harksheide, Heidehofweg (West)",12461266488.0,5.0,57.9,6.403333333333333,65.8,6.72,71.02333333333334,78.92333333333333
EMP139,Viktoria Hahn,"Scheuermanngasse 3, 22626 Ahrensburg",Ahrensburg,22626,53.371274,10.294662,53.371327,10.294175,"Drage, Krummer Weg",679855536.0,3.0,"Harksheide, Libellengrund",12461266487.0,1.0,62.86333333333334,118.7,6.403333333333333,345.0333333333333,True,63460.8,66.11999999999999,8,74.11999999999999,120+ min,0.0,430.76480000000004,5,5,5,2.0,2.0,2.0,"Drage, Krummer Weg",679855536.0,3.0,"Harksheide, Heidehofweg (West)",12461266488.0,5.0,119.7,6.403333333333333,86.8,62.86333333333334,188.96666666666667,156.06666666666666
EMP140,Dr. Hans-Hermann Reichmann,"Korinna-Hermighausen-Ring 81/70, 22391 Hamburg",Hamburg,22391,53.576158,10.007046,53.575573,10.006979,Zimmerstraße,335695109.0,3.0,"Harksheide, Libellengrund",12461266487.0,1.0,8.108333333333333,32.0,3.7066666666666666,84.63,True,14719.4,31.45,8,39.45,60-90 min,60.0,138.3164,5,5,4,38.0,38.0,37.6,Zimmerstraße,335695109.0,3.0,"Harksheide, Libellengrund",12461266487.0,1.0,32.0,3.7066666666666666,29.0,8.108333333333333,43.815,40.815
EMP141,Hermann Josef Buchholz,"Alicja-Römer-Allee 11/76, 21614 Buxtehude",Buxtehude,21614,53.490193,9.761105,53.490427,9.761102,"Rübke, Kurzer Weg",2886314002.0,1.0,"Harksheide, Libellengrund",12461266487.0,1.0,0.0916666666666666,73.5,3.7066666666666666,148.29666666666668,True,40302.7,61.83166666666667,8,69.83166666666668,120+ min,70.0,291.8162,5,5,5,44.0,44.0,44.0,"Rübke, Kurzer Weg",2886314002.0,1.0,"Harksheide, Libellengrund",12461266487.0,1.0,73.5,3.7066666666666666,67.2,0.0916666666666666,77.29833333333333,70.99833333333333
EMP142,Hansjoachim Bärer,"Ruppertstraße 7-5, 22880 Wedel",Wedel,22880,53.558021,9.973998,53.558022,9.973919,Messehallen,1586118354.0,3.0,"Harksheide, Libellengrund",12461266487.0,1.0,3.82,27.0,3.7066666666666666,70.05333333333333,True,16140.8,35.835,8,43.835,60-90 min,100.0,146.8448,5,5,4,62.0,62.0,61.6,Messehallen,1586118354.0,3.0,"Harksheide, Libellengrund",12461266487.0,1.0,27.0,3.7066666666666666,28.0,3.82,34.526666666666664,35.526666666666664
EMP143,Dipl.-Ing. Klaus-Werner Kühnert B.Sc.,"Geißlerallee 75-21, 21614 Buxtehude",Buxtehude,21614,53.490193,9.761105,53.490427,9.761102,"Rübke, Kurzer Weg",2886314002.0,1.0,"Harksheide, Libellengrund",12461266487.0,1.0,0.0916666666666666,73.5,3.7066666666666666,148.29666666666668,True,40302.7,61.83166666666667,8,69.83166666666668,120+ min,70.0,291.8162,5,5,5,44.0,44.0,44.0,"Rübke, Kurzer Weg",2886314002.0,1.0,"Harksheide, Libellengrund",12461266487.0,1.0,73.5,3.7066666666666666,67.2,0.0916666666666666,77.29833333333333,70.99833333333333
EMP144,Josip Pergande,"Jesselweg 33/25, 21682 Buxtehude",Buxtehude,21682,53.624546,10.089318,53.624571,10.089389,Hohnerkamp (Mitte),1069649592.0,1.0,"Harksheide, Libellengrund",12461266487.0,1.0,2.1983333333333333,33.0,3.7066666666666666,78.80999999999999,True,13290.0,28.538333333333338,8,36.53833333333334,60-90 min,70.0,129.74,5,4,4,44.0,43.6,43.6,Hohnerkamp (Mitte),1069649592.0,1.0,"Harksheide, Libellengrund",12461266487.0,1.0,33.0,3.7066666666666666,34.0,2.1983333333333333,38.904999999999994,39.904999999999994
EMP145,Cäcilia Gerlach,"Selma-Wulf-Ring 22/33, 22855 Norderstedt",Norderstedt,22855,53.712313,9.995697,53.712428,9.99571,,,,,,,,,,,False,4914.3,10.296666666666663,8,18.296666666666663,No route,,79.4858,4,3,3,,,,,,,,,,,,,,,
EMP146,Norma Rose MBA.,"Kira-Werner-Allee 82, 22844 Norderstedt",Norderstedt,22844,53.712313,9.995697,53.712428,9.99571,,,,,,,,,,,False,4914.3,10.296666666666663,8,18.296666666666663,No route,,79.4858,4,3,3,,,,,,,,,,,,,,,
EMP147,Magda Jähn B.Eng.,"Schottinring 871, 22587 Hamburg",Hamburg,22587,53.576158,10.007046,53.575573,10.006979,Zimmerstraße,335695109.0,3.0,"Harksheide, Libellengrund",12461266487.0,1.0,8.108333333333333,32.0,3.7066666666666666,84.63,True,14719.4,31.45,8,39.45,60-90 min,60.0,138.3164,5,5,4,38.0,38.0,37.6,Zimmerstraße,335695109.0,3.0,"Harksheide, Libellengrund",12461266487.0,1.0,32.0,3.7066666666666666,29.0,8.108333333333333,43.815,40.815
EMP148,Andy Koch,"Nikolai-Patberg-Gasse 8/8, 20148 Hamburg",Hamburg,20148,53.576158,10.007046,53.575573,10.006979,Zimmerstraße,335695109.0,3.0,"Harksheide, Libellengrund",12461266487.0,1.0,8.108333333333333,32.0,3.7066666666666666,84.63,True,14719.4,31.45,8,39.45,60-90 min,60.0,138.3164,5,5,4,38.0,38.0,37.6,Zimmerstraße,335695109.0,3.0,"Harksheide, Libellengrund",12461266487.0,1.0,32.0,3.7066666666666666,29.0,8.108333333333333,43.815,40.815
EMP149,Irmgard Salz-Röhrdanz,"Buchholzweg 99, 22629 Ahrensburg",Ahrensburg,22629,53.642948,10.157999,53.642857,10.157993,Eulenkrugstraße,482367016.0,2.0,"Harksheide, Libellengrund",12461266487.0,1.0,3.91,37.0,3.7066666666666666,92.23333333333332,True,16178.0,29.953333333333333,8,37.95333333333333,90-120 min,50.0,147.06799999999998,5,5,4,32.0,32.0,31.6,Eulenkrugstraße,482367016.0,2.0,"Harksheide, Libellengrund",12461266487.0,1.0,37.0,3.7066666666666666,40.0,3.91,44.61666666666666,47.61666666666666
EMP150,Woldemar Bolander-Mende,"Tomasz-Rudolph-Allee 9597, 22880 Wedel",Wedel,22880,53.576357,9.713091,53.576421,9.713089,"Wedel, Müllerkamp",68665485.0,4.0,"Harksheide, Libellengrund",12461266487.0,1.0,4.569999999999999,72.0,3.7066666666666666,160.5533333333333,True,31773.1,44.836666666666666,8,52.836666666666666,120+ min,30.0,240.6386,5,5,5,20.0,20.0,20.0,"Wedel, Müllerkamp",68665485.0,4.0,"Harksheide, Libellengrund",12461266487.0,1.0,72.0,3.7066666666666666,72.0,4.569999999999999,80.27666666666666,80.27666666666666
EMP151,Falk Trommler,"Mareike-Karz-Allee 38, 21073 Harburg",Harburg,21073,53.452194,9.897592,53.452166,9.898249,"Ehestorf, Hohlredder",478118123.0,3.0,"Harksheide, Libellengrund",12461266487.0,1.0,6.72,56.9,6.403333333333333,149.94666666666666,True,38831.6,51.986666666666665,8,59.986666666666665,120+ min,40.0,282.9896,5,5,5,26.0,26.0,26.0,"Ehestorf, Hohlredder",478118123.0,3.0,"Harksheide, Heidehofweg (West)",12461266488.0,5.0,57.9,6.403333333333333,65.8,6.72,71.02333333333334,78.92333333333333
EMP152,Helmtrud Wohlgemut-Kambs,"Mangoldstr. 555, 21614 Buxtehude",Buxtehude,21614,53.598565,9.917731,53.598766,9.918212,Wördemanns Weg,1617465791.0,2.0,"Harksheide, Heidehofweg (West)",12461266488.0,5.0,1.1683333333333332,34.9,6.403333333333333,77.04333333333335,True,13719.5,24.566666666666663,8,32.56666666666666,60-90 min,70.0,132.317,5,5,4,44.0,44.0,43.6,Wördemanns Weg,1617465791.0,2.0,"Harksheide, Heidehofweg (West)",12461266488.0,5.0,34.9,6.403333333333333,27.0,1.1683333333333332,42.47166666666667,34.57166666666667
EMP153,Eugenia Herrmann-Ullrich,"Lisa-Schüler-Allee 21/95, 21682 Buxtehude",Buxtehude,21682,53.490193,9.761105,53.490427,9.761102,"Rübke, Kurzer Weg",2886314002.0,1.0,"Harksheide, Libellengrund",12461266487.0,1.0,0.0916666666666666,73.5,3.7066666666666666,148.29666666666668,True,40302.7,61.83166666666667,8,69.83166666666668,120+ min,70.0,291.8162,5,5,5,44.0,44.0,44.0,"Rübke, Kurzer Weg",2886314002.0,1.0,"Harksheide, Libellengrund",12461266487.0,1.0,73.5,3.7066666666666666,67.2,0.0916666666666666,77.29833333333333,70.99833333333333
EMP154,Konstantinos Trommler-Caspar,"Meinhard-Butte-Weg 754, 22627 Ahrensburg",Ahrensburg,22627,53.673068,10.235456,53.672891,10.235353,,,,,,,,,,,False,20627.8,35.32666666666667,8,43.32666666666667,No route,,173.7668,5,5,5,,,,,,,,,,,,,,,
EMP155,Aleksandra Klotz,"Römerstraße 22/78, 22629 Ahrensburg",Ahrensburg,22629,53.679758,9.976759,53.679879,9.976447,"Garstedt, Hermann-Löns-Weg",4364655376.0,1.0,"Harksheide, Libellengrund",12461266487.0,1.0,0.345,0.0,3.7066666666666666,8.103333333333333,True,2800.1,7.151666666666667,8,15.151666666666667,0-60 min,100.0,66.8006,4,3,3,61.6,61.2,61.2,"Garstedt, Hermann-Löns-Weg",4364655376.0,1.0,"Harksheide, Libellengrund",12461266487.0,1.0,0.0,3.7066666666666666,0.0,0.345,4.051666666666667,4.051666666666667
EMP156,Arno Hübel-Zirme,"Girschnerplatz 47/33, 22527 Hamburg",Hamburg,22527,53.625401,10.090341,53.62547,10.090524,Gumbinner Kehre,6323310479.0,1.0,"Harksheide, Libellengrund",12461266487.0,1.0,2.4366666666666665,32.0,3.7066666666666666,77.28666666666666,True,13427.3,29.086666666666662,8,37.08666666666666,60-90 min,70.0,130.5638,5,4,4,44.0,43.6,43.6,Gumbinner Kehre,6323310479.0,1.0,"Harksheide, Libellengrund",12461266487.0,1.0,32.0,3.7066666666666666,33.0,2.4366666666666665,38.14333333333333,39.14333333333333
EMP157,Kornelius Kohl-Fliegner,"Ana-Winkler-Weg 5, 22844 Norderstedt",Norderstedt,22844,53.712313,9.995697,53.712428,9.99571,,,,,,,,,,,False,4914.3,10.296666666666663,8,18.296666666666663,No route,,79.4858,4,3,3,,,,,,,,,,,,,,,
EMP158,Marija Tschentscher,"Hans-Albert-Süßebier-Weg 770, 22880 Wedel",Wedel,22880,53.576357,9.713091,53.576421,9.713089,"Wedel, Müllerkamp",68665485.0,4.0,"Harksheide, Libellengrund",12461266487.0,1.0,4.569999999999999,72.0,3.7066666666666666,160.5533333333333,True,31773.1,44.836666666666666,8,52.836666666666666,120+ min,30.0,240.6386,5,5,5,20.0,20.0,20.0,"Wedel, Müllerkamp",68665485.0,4.0,"Harksheide, Libellengrund",12461266487.0,1.0,72.0,3.7066666666666666,72.0,4.569999999999999,80.27666666666666,80.27666666666666
EMP159,Ing. Wulf Ziegert MBA.,"Wera-Martin-Weg 8/4, 22629 Ahrensburg",Ahrensburg,22629,53.646953,10.278997,53.64705,10.279112,,,,,,,,,,,False,25504.1,43.88333333333333,8,51.88333333333333,No route,,203.0246,5,5,5,,,,,,,,,,,,,,,
EMP160,Dr. Rosita Gute,"Patrik-Stiebitz-Weg 77-94, 22880 Wedel",Wedel,22880,53.576357,9.713091,53.576421,9.713089,"Wedel, Müllerkamp",68665485.0,4.0,"Harksheide, Libellengrund",12461266487.0,1.0,4.569999999999999,72.0,3.7066666666666666,160.5533333333333,True,31773.1,44.836666666666666,8,52.836666666666666,120+ min,30.0,240.6386,5,5,5,20.0,20.0,20.0,"Wedel, Müllerkamp",68665485.0,4.0,"Harksheide, Libellengrund",12461266487.0,1.0,72.0,3.7066666666666666,72.0,4.569999999999999,80.27666666666666,80.27666666666666
EMP161,Friedhelm Carsten,"Paola-Hermann-Gasse 25-98, 22850 Norderstedt",Norderstedt,22850,53.712313,9.995697,53.712428,9.99571,,,,,,,,,,,False,4914.3,10.296666666666663,8,18.296666666666663,No route,,79.4858,4,3,3,,,,,,,,,,,,,,,
EMP162,Svea Keudel B.Sc.,"Jörn-Mende-Weg 461, 21614 Buxtehude",Buxtehude,21614,53.490193,9.761105,53.490427,9.761102,"Rübke, Kurzer Weg",2886314002.0,1.0,"Harksheide, Libellengrund",12461266487.0,1.0,0.0916666666666666,73.5,3.7066666666666666,148.29666666666668,True,40302.7,61.83166666666667,8,69.83166666666668,120+ min,70.0,291.8162,5,5,5,44.0,44.0,44.0,"Rübke, Kurzer Weg",2886314002.0,1.0,"Harksheide, Libellengrund",12461266487.0,1.0,73.5,3.7066666666666666,67.2,0.0916666666666666,77.29833333333333,70.99833333333333
EMP163,Herr Gisbert Dippel B.Eng.,"Blochstraße 23/66, 21109 Harburg",Harburg,21109,53.558351,10.011494,53.558351,10.011494,Gurlittstraße,291504281.0,1.0,"Harksheide, Libellengrund",12461266487.0,1.0,2.075,32.0,3.7066666666666666,76.56333333333333,True,16553.2,35.248333333333335,8,43.248333333333335,60-90 min,90.0,149.3192,5,5,4,56.0,56.0,55.6,Gurlittstraße,1412965783.0,3.0,"Harksheide, Libellengrund",12461266487.0,1.0,32.0,3.7066666666666666,33.0,2.075,37.781666666666666,38.781666666666666
EMP164,Alberto Hertrampf,"Freddy-Bender-Ring 82-17, 22627 Ahrensburg",Ahrensburg,22627,53.673068,10.235456,53.672891,10.235353,,,,,,,,,,,False,20627.8,35.32666666666667,8,43.32666666666667,No route,,173.7668,5,5,5,,,,,,,,,,,,,,,
EMP165,Ing. Burghard Biggen B.A.,"Martina-Fischer-Weg 2-5, 21682 Buxtehude",Buxtehude,21682,53.490193,9.761105,53.490427,9.761102,"Rübke, Kurzer Weg",2886314002.0,1.0,"Harksheide, Libellengrund",12461266487.0,1.0,0.0916666666666666,73.5,3.7066666666666666,148.29666666666668,True,40302.7,61.83166666666667,8,69.83166666666668,120+ min,70.0,291.8162,5,5,5,44.0,44.0,44.0,"Rübke, Kurzer Weg",2886314002.0,1.0,"Harksheide, Libellengrund",12461266487.0,1.0,73.5,3.7066666666666666,67.2,0.0916666666666666,77.29833333333333,70.99833333333333
EMP166,Maik Pieper,"Schwitalallee 81-91, 21077 Harburg",Harburg,21077,53.452194,9.897592,53.452166,9.898249,"Ehestorf, Hohlredder",478118123.0,3.0,"Harksheide, Libellengrund",12461266487.0,1.0,6.72,56.9,6.403333333333333,149.94666666666666,True,38831.6,51.986666666666665,8,59.986666666666665,120+ min,40.0,282.9896,5,5,5,26.0,26.0,26.0,"Ehestorf, Hohlredder",478118123.0,3.0,"Harksheide, Heidehofweg (West)",12461266488.0,5.0,57.9,6.403333333333333,65.8,6.72,71.02333333333334,78.92333333333333
EMP167,Prof. Hartmuth Gotthard B.Sc.,"Irmela-Fechner-Ring 1-6, 22844 Norderstedt",Norderstedt,22844,53.712313,9.995697,53.712428,9.99571,,,,,,,,,,,False,4914.3,10.296666666666663,8,18.296666666666663,No route,,79.4858,4,3,3,,,,,,,,,,,,,,,
EMP168,Frau Magrit Kraushaar B.Eng.,"Börnerstr. 6, 22844 Norderstedt",Norderstedt,22844,53.456267,9.970468,53.456196,9.970332,Eißendorfer Straße (TU Hamburg),728565503.0,4.0,"Harksheide, Libellengrund",12461266487.0,1.0,6.241666666666666,49.7,3.7066666666666666,116.09666666666666,True,34873.3,48.88666666666666,8,56.88666666666666,90-120 min,70.0,259.2398,5,5,5,44.0,44.0,44.0,Eißendorfer Straße (TU Hamburg),5686864205.0,3.0,"Harksheide, Libellengrund",12461266487.0,1.0,49.7,3.7066666666666666,46.5,6.241666666666666,59.64833333333333,56.44833333333333
EMP169,Blanka Beyer,"Weinholdgasse 41/25, 22880 Wedel",Wedel,22880,53.624546,10.089318,53.624571,10.089389,Hohnerkamp (Mitte),1069649592.0,1.0,"Harksheide, Libellengrund",12461266487.0,1.0,2.1983333333333333,33.0,3.7066666666666666,78.80999999999999,True,13290.0,28.538333333333338,8,36.53833333333334,60-90 min,70.0,129.74,5,4,4,44.0,43.6,43.6,Hohnerkamp (Mitte),1069649592.0,1.0,"Harksheide, Libellengrund",12461266487.0,1.0,33.0,3.7066666666666666,34.0,2.1983333333333333,38.904999999999994,39.904999999999994
EMP170,Anto Trubin-Wulf,"Ritterring 377, 21682 Buxtehude",Buxtehude,21682,53.490193,9.761105,53.490427,9.761102,"Rübke, Kurzer Weg",2886314002.0,1.0,"Harksheide, Libellengrund",12461266487.0,1.0,0.0916666666666666,73.5,3.7066666666666666,148.29666666666668,True,40302.7,61.83166666666667,8,69.83166666666668,120+ min,70.0,291.8162,5,5,5,44.0,44.0,44.0,"Rübke, Kurzer Weg",2886314002.0,1.0,"Harksheide, Libellengrund",12461266487.0,1.0,73.5,3.7066666666666666,67.2,0.0916666666666666,77.29833333333333,70.99833333333333
EMP171,Julie Kruschwitz,"Beierring 6030, 21079 Harburg",Harburg,21079,53.452194,9.897592,53.452166,9.898249,"Ehestorf, Hohlredder",478118123.0,3.0,"Harksheide, Libellengrund",12461266487.0,1.0,6.72,56.9,6.403333333333333,149.94666666666666,True,38831.6,51.986666666666665,8,59.986666666666665,120+ min,40.0,282.9896,5,5,5,26.0,26.0,26.0,"Ehestorf, Hohlredder",478118123.0,3.0,"Harksheide, Heidehofweg (West)",12461266488.0,5.0,57.9,6.403333333333333,65.8,6.72,71.02333333333334,78.92333333333333
EMP172,Betty Koch,"Herrmanngasse 6450, 22627 Ahrensburg",Ahrensburg,22627,53.673068,10.235456,53.672891,10.235353,,,,,,,,,,,False,20627.8,35.32666666666667,8,43.32666666666667,No route,,173.7668,5,5,5,,,,,,,,,,,,,,,
EMP173,Ing. Undine Pohl B.Eng.,"Kuhlweg 36-85, 21079 Harburg",Harburg,21079,53.452194,9.897592,53.452166,9.898249,"Ehestorf, Hohlredder",478118123.0,3.0,"Harksheide, Libellengrund",12461266487.0,1.0,6.72,56.9,6.403333333333333,149.94666666666666,True,38831.6,51.986666666666665,8,59.986666666666665,120+ min,40.0,282.9896,5,5,5,26.0,26.0,26.0,"Ehestorf, Hohlredder",478118123.0,3.0,"Harksheide, Heidehofweg (West)",12461266488.0,5.0,57.9,6.403333333333333,65.8,6.72,71.02333333333334,78.92333333333333
EMP174,Friedhilde Dobes,"Iwona-Löffler-Gasse 3-9, 21107 Harburg",Harburg,21107,53.452194,9.897592,53.452166,9.898249,"Ehestorf, Hohlredder",478118123.0,3.0,"Harksheide, Libellengrund",12461266487.0,1.0,6.72,56.9,6.403333333333333,149.94666666666666,True,38831.6,51.986666666666665,8,59.986666666666665,120+ min,40.0,282.9896,5,5,5,26.0,26.0,26.0,"Ehestorf, Hohlredder",478118123.0,3.0,"Harksheide, Heidehofweg (West)",12461266488.0,5.0,57.9,6.403333333333333,65.8,6.72,71.02333333333334,78.92333333333333
EMP175,Univ.Prof. Helfried Killer,"Matthias-Speer-Ring 8/7, 22626 Ahrensburg",Ahrensburg,22626,53.748612,9.970313,53.748646,9.970126,,,,,,,,,,,False,12758.3,21.725,8,29.725,No route,,126.54979999999998,5,4,4,,,,,,,,,,,,,,,
EMP176,Micha Schweitzer,"Bergerweg 59/16, 22419 Hamburg",Hamburg,22419,53.551692,9.843486,53.551633,9.843436,Nienstedtener Marktplatz,6178309811.0,4.0,"Harksheide, Libellengrund",12461266487.0,1.0,2.783333333333333,49.0,3.7066666666666666,110.98,True,23147.7,38.81333333333334,8,46.81333333333334,90-120 min,70.0,188.8862,5,5,5,44.0,44.0,44.0,Nienstedtener Marktplatz,6178309811.0,4.0,"Harksheide, Libellengrund",12461266487.0,1.0,49.0,3.7066666666666666,49.0,2.783333333333333,55.489999999999995,55.489999999999995
EMP177,Carl Börner,"Knappestr. 802, 22145 Hamburg",Hamburg,22145,53.544334,10.075203,53.544292,10.075212,Eekholtesweg,6341370493.0,2.0,"Harksheide, Libellengrund",12461266487.0,1.0,9.976666666666668,33.0,3.7066666666666666,91.36666666666666,True,19220.8,44.708333333333336,8,52.708333333333336,90-120 min,80.0,165.32479999999998,5,5,5,50.0,50.0,50.0,Eekholtesweg,6341370493.0,2.0,"Harksheide, Libellengrund",12461266487.0,1.0,33.0,3.7066666666666666,31.0,9.976666666666668,46.68333333333333,44.68333333333333
EMP178,Virginia Koch II B.Eng.,"Leyla-Seidel-Ring 16/39, 22627 Ahrensburg",Ahrensburg,22627,53.673068,10.235456,53.672891,10.235353,,,,,,,,,,,False,20627.8,35.32666666666667,8,43.32666666666667,No route,,173.7668,5,5,5,,,,,,,,,,,,,,,
EMP179,Margareta Holsten,"Wiekgasse 785, 22629 Ahrensburg",Ahrensburg,22629,53.544294,10.075662,53.544326,10.075655,Eekholtesweg,6341370493.0,2.0,"Harksheide, Libellengrund",12461266487.0,1.0,9.623333333333331,33.0,3.7066666666666666,90.66,True,19250.3,44.79666666666667,8,52.79666666666667,90-120 min,80.0,165.5018,5,5,5,50.0,50.0,50.0,Eekholtesweg,6341370493.0,2.0,"Harksheide, Libellengrund",12461266487.0,1.0,33.0,3.7066666666666666,31.0,9.623333333333331,46.33,44.33
EMP180,Francis Wohlgemut,"Victoria-Drewes-Gasse 778, 22589 Hamburg",Hamburg,22589,53.576158,10.007046,53.575573,10.006979,Zimmerstraße,335695109.0,3.0,"Harksheide, Libellengrund",12461266487.0,1.0,8.108333333333333,32.0,3.7066666666666666,84.63,True,14719.4,31.45,8,39.45,60-90 min,60.0,138.3164,5,5,4,38.0,38.0,37.6,Zimmerstraße,335695109.0,3.0,"Harksheide, Libellengrund",12461266487.0,1.0,32.0,3.7066666666666666,29.0,8.108333333333333,43.815,40.815
EMP181,Cengiz Briemer,"Tlustekstraße 4947, 22626 Ahrensburg",Ahrensburg,22626,53.673068,10.235456,53.672891,10.235353,,,,,,,,,,,False,20627.8,35.32666666666667,8,43.32666666666667,No route,,173.7668,5,5,5,,,,,,,,,,,,,,,
EMP182,Sylke Jacob,"Gerlachweg 61-25, 21682 Buxtehude",Buxtehude,21682,53.4540754,9.6704475,53.454069,9.670419,,,,,,,,,,,False,59517.0,72.7,8,80.7,No route,,407.102,5,5,5,,,,,,,,,,,,,,,
EMP183,Eckhardt Zorbach,"Ingetraud-Tröst-Allee 458, 22880 Wedel",Wedel,22880,53.576357,9.713091,53.576421,9.713089,"Wedel, Müllerkamp",68665485.0,4.0,"Harksheide, Libellengrund",12461266487.0,1.0,4.569999999999999,72.0,3.7066666666666666,160.5533333333333,True,31773.1,44.836666666666666,8,52.836666666666666,120+ min,30.0,240.6386,5,5,5,20.0,20.0,20.0,"Wedel, Müllerkamp",68665485.0,4.0,"Harksheide, Libellengrund",12461266487.0,1.0,72.0,3.7066666666666666,72.0,4.569999999999999,80.27666666666666,80.27666666666666
EMP184,Irmtraut Rohleder,"Hugo-Zobel-Straße 5, 22880 Wedel",Wedel,22880,53.463576,9.95043,53.463709,9.950361,Am Fuchsberg,5961392027.0,5.0,"Harksheide, Libellengrund",12461266487.0,1.0,3.0866666666666664,51.9,3.7066666666666666,117.08666666666666,True,32487.9,44.17333333333333,8,52.17333333333333,90-120 min,70.0,244.9274,5,5,5,44.0,44.0,44.0,Eißendorfer Pferdeweg (Mitte),985923711.0,4.0,"Harksheide, Libellengrund",12461266487.0,1.0,54.9,3.7066666666666666,48.6,3.0866666666666664,61.69333333333333,55.39333333333333
EMP185,Dipl.-Ing. Ruth Ruppert,"Eleonore-Christoph-Gasse 7/8, 22629 Ahrensburg",Ahrensburg,22629,53.673068,10.235456,53.672891,10.235353,,,,,,,,,,,False,20627.8,35.32666666666667,8,43.32666666666667,No route,,173.7668,5,5,5,,,,,,,,,,,,,,,
EMP186,Birgit Zahn,"Fatih-Junck-Allee 87, 22880 Wedel",Wedel,22880,53.576357,9.713091,53.576421,9.713089,"Wedel, Müllerkamp",68665485.0,4.0,"Harksheide, Libellengrund",12461266487.0,1.0,4.569999999999999,72.0,3.7066666666666666,160.5533333333333,True,31773.1,44.836666666666666,8,52.836666666666666,120+ min,30.0,240.6386,5,5,5,20.0,20.0,20.0,"Wedel, Müllerkamp",68665485.0,4.0,"Harksheide, Libellengrund",12461266487.0,1.0,72.0,3.7066666666666666,72.0,4.569999999999999,80.27666666666666,80.27666666666666
EMP187,Gerfried Gehringer-Fritsch,"Kristin-Ehlert-Straße 1, 22117 Hamburg",Hamburg,22117,53.576158,10.007046,53.575573,10.006979,Zimmerstraße,335695109.0,3.0,"Harksheide, Libellengrund",12461266487.0,1.0,8.108333333333333,32.0,3.7066666666666666,84.63,True,14719.4,31.45,8,39.45,60-90 min,60.0,138.3164,5,5,4,38.0,38.0,37.6,Zimmerstraße,335695109.0,3.0,"Harksheide, Libellengrund",12461266487.0,1.0,32.0,3.7066666666666666,29.0,8.108333333333333,43.815,40.815
EMP188,Manuel Rohleder B.Eng.,"Tröstplatz 28/54, 22880 Wedel",Wedel,22880,53.564962,9.804837,53.56494,9.805162,Wilmans Park,333675785.0,3.0,"Harksheide, Libellengrund",12461266487.0,1.0,5.35,54.0,3.7066666666666666,124.11333333333332,True,24682.5,41.656666666666666,8,49.656666666666666,120+ min,50.0,198.095,5,5,5,32.0,32.0,32.0,Wilmans Park,333675785.0,3.0,"Harksheide, Libellengrund",12461266487.0,1.0,54.0,3.7066666666666666,52.0,5.35,63.056666666666665,61.056666666666665
EMP197,Ing. Kathrin Anders B.Sc.,"Hendriksplatz 50/80, 22299 Hamburg",Hamburg,22299,53.586242,10.030343,53.58634,10.030258,Flüggestraße,353923211.0,1.0,"Harksheide, Libellengrund",12461266487.0,1.0,1.235,24.0,3.7066666666666666,52.88333333333333,True,12751.1,28.11,8,36.11,0-60 min,100.0,126.5066,5,4,4,62.0,61.6,61.6,Flüggestraße,353923211.0,1.0,"Harksheide, Libellengrund",12461266487.0,1.0,24.0,3.7066666666666666,19.0,1.235,28.941666666666663,23.941666666666663
EMP198,Kasimir Rörricht,"Eimerring 16/75, 21077 Harburg",Harburg,21077,53.452194,9.897592,53.452166,9.898249,"Ehestorf, Hohlredder",478118123.0,3.0,"Harksheide, Libellengrund",12461266487.0,1.0,6.72,56.9,6.403333333333333,149.94666666666666,True,38831.6,51.986666666666665,8,59.986666666666665,120+ min,40.0,282.9896,5,5,5,26.0,26.0,26.0,"Ehestorf, Hohlredder",478118123.0,3.0,"Harksheide, Heidehofweg (West)",12461266488.0,5.0,57.9,6.403333333333333,65.8,6.72,71.02333333333334,78.92333333333333
EMP199,Ortrud Rogner B.Eng.,"Otmar-Röhrdanz-Ring 96, 22081 Hamburg",Hamburg,22081,53.576158,10.007046,53.575573,10.006979,Zimmerstraße,335695109.0,3.0,"Harksheide, Libellengrund",12461266487.0,1.0,8.108333333333333,32.0,3.7066666666666666,84.63,True,14719.4,31.45,8,39.45,60-90 min,60.0,138.3164,5,5,4,38.0,38.0,37.6,Zimmerstraße,335695109.0,3.0,"Harksheide, Libellengrund",12461266487.0,1.0,32.0,3.7066666666666666,29.0,8.108333333333333,43.815,40.815
EMP200,Kurt Pechel MBA.,"Filippo-Dietz-Straße 65/38, 21077 Harburg",Harburg,21077,53.452194,9.897592,53.452166,9.898249,"Ehestorf, Hohlredder",478118123.0,3.0,"Harksheide, Libellengrund",12461266487.0,1.0,6.72,56.9,6.403333333333333,149.94666666666666,True,38831.6,51.986666666666665,8,59.986666666666665,120+ min,40.0,282.9896,5,5,5,26.0,26.0,26.0,"Ehestorf, Hohlredder",478118123.0,3.0,"Harksheide, Heidehofweg (West)",12461266488.0,5.0,57.9,6.403333333333333,65.8,6.72,71.02333333333334,78.92333333333333
